,Fragments,ObjValNoPen,ObjValWithPen
0,"['frag_02_c00001', 'frag_15_c00001']",14941.03753282359,14941.03753282359
1,"['frag_02_c00001', 'frag_15_c00001']",14941.03753282359,14941.03753282359
2,"['frag_02_c00001', 'frag_15_c00001']",14941.03753282359,14941.03753282359
3,"['frag_02_c00001', 'frag_15_c00001']",14941.03753282359,14941.03753282359
4,"['frag_02_c00001', 'frag_16_c00001']",16189.235113640818,14941.03753282359
5,"['frag_02_c00001', 'frag_16_c00001']",16189.235113640818,16189.235113640818
6,"['frag_02_c00001', 'frag_16_c00001']",16189.235113640818,16189.235113640818
7,"['frag_02_c00001', 'frag_16_c00001']",16189.235113640818,16189.235113640818
8,"['frag_03_c00001', 'frag_15_c00001']",16768.14801683368,16189.235113640818
9,"['frag_03_c00001', 'frag_15_c00001']",16768.14801683368,16768.14801683368
10,"['frag_03_c00001', 'frag_15_c00001']",16768.148016833686,16768.14801683368
11,"['frag_03_c00001', 'frag_15_c00001']",16768.148016833686,16768.148016833686
12,"['frag_03_c00001', 'frag_16_c00001']",18015.16804964858,16768.148016833686
13,"['frag_03_c00001', 'frag_16_c00001']",18015.16804964858,18015.16804964858
14,"['frag_03_c00001', 'frag_16_c00001']",18015.16804964858,18015.16804964858
15,"['frag_03_c00001', 'frag_16_c00001']",18015.16804964858,18015.16804964858
16,"['frag_04_c00001', 'frag_15_c00001']",19796.155046790263,18015.16804964858
17,"['frag_04_c00001', 'frag_15_c00001']",19796.155046790263,19796.155046790263
18,"['frag_04_c00001', 'frag_15_c00001']",19796.155046790263,19796.155046790263
19,"['frag_04_c00001', 'frag_15_c00001']",19796.155046790263,19796.155046790263
20,"['frag_04_c00001', 'frag_16_c00001']",21041.81784958364,19796.155046790263
21,"['frag_04_c00001', 'frag_16_c00001']",21041.81784958364,21041.81784958364
22,"['frag_04_c00001', 'frag_16_c00001']",21041.817849583655,21041.81784958364
23,"['frag_04_c00001', 'frag_16_c00001']",21041.817849583655,21041.817849583655
24,"['frag_06_c00001', 'frag_13_c00001']",24373.091333806507,21041.817849583655
25,"['frag_06_c00001', 'frag_13_c00001']",24373.091333806507,24373.091333806507
26,"['frag_06_c00001', 'frag_13_c00001']",24373.091333806507,24373.091333806507
27,"['frag_06_c00001', 'frag_13_c00001']",24373.091333806507,24373.091333806507
28,"['frag_05_c00001', 'frag_13_c00001']",26948.46379074883,24373.091333806507
29,"['frag_05_c00001', 'frag_13_c00001']",26948.46379074883,26948.46379074883
30,"['frag_05_c00001', 'frag_13_c00001']",26948.46379074883,26948.46379074883
31,"['frag_05_c00001', 'frag_13_c00001']",26948.46379074883,26948.46379074883
32,"['frag_01_c00001', 'frag_02_c00001', 'frag_13_c00001']",27967.334526206127,26948.46379074883
33,"['frag_01_c00001', 'frag_02_c00001', 'frag_13_c00001']",27967.334526206127,27967.334526206127
34,"['frag_01_c00001', 'frag_02_c00001', 'frag_13_c00001']",27967.334526206127,27967.334526206127
35,"['frag_01_c00001', 'frag_02_c00001', 'frag_13_c00001']",27967.334526206127,27967.334526206127
36,"['frag_01_c00001', 'frag_02_c00001', 'frag_13_c00001']",27967.334526206127,27967.334526206127
37,"['frag_01_c00001', 'frag_02_c00001', 'frag_13_c00001']",27967.334526206127,27967.334526206127
38,"['frag_01_c00001', 'frag_02_c00001', 'frag_13_c00001']",27967.334526206127,27967.334526206127
39,"['frag_01_c00001', 'frag_02_c00001', 'frag_13_c00001']",27967.334526206127,27967.334526206127
40,"['frag_06_c00001', 'frag_14_c00001']",28646.572412525456,27967.334526206127
41,"['frag_06_c00001', 'frag_14_c00001']",28646.572412525456,28646.572412525456
42,"['frag_06_c00001', 'frag_14_c00001']",28646.572412525456,28646.572412525456
43,"['frag_06_c00001', 'frag_14_c00001']",28646.572412525456,28646.572412525456
44,"['frag_01_c00001', 'frag_02_c00001', 'frag_14_c00001']",31296.291720291912,28646.572412525456
45,"['frag_01_c00001', 'frag_02_c00001', 'frag_14_c00001']",31296.291720291912,31296.291720291912
46,"['frag_01_c00001', 'frag_02_c00001', 'frag_14_c00001']",31296.291720291912,31296.291720291912
47,"['frag_01_c00001', 'frag_02_c00001', 'frag_14_c00001']",31296.291720291912,31296.291720291912
48,"['frag_01_c00001', 'frag_02_c00001', 'frag_14_c00001']",31296.291720291912,31296.291720291912
49,"['frag_01_c00001', 'frag_02_c00001', 'frag_14_c00001']",31296.291720291912,31296.291720291912
50,"['frag_01_c00001', 'frag_02_c00001', 'frag_14_c00001']",31296.291720291912,31296.291720291912
51,"['frag_01_c00001', 'frag_02_c00001', 'frag_14_c00001']",31296.291720291912,31296.291720291912
52,"['frag_01_c00001', 'frag_03_c00001', 'frag_13_c00001']",32075.33737323815,31296.291720291912
53,"['frag_01_c00001', 'frag_03_c00001', 'frag_13_c00001']",32075.33737323815,32075.33737323815
54,"['frag_01_c00001', 'frag_03_c00001', 'frag_13_c00001']",32075.33737323815,32075.33737323815
55,"['frag_01_c00001', 'frag_03_c00001', 'frag_13_c00001']",32075.33737323815,32075.33737323815
56,"['frag_01_c00001', 'frag_03_c00001', 'frag_13_c00001']",32075.33737323815,32075.33737323815
57,"['frag_01_c00001', 'frag_03_c00001', 'frag_13_c00001']",32075.33737323815,32075.33737323815
58,"['frag_01_c00001', 'frag_03_c00001', 'frag_13_c00001']",32075.33737323815,32075.33737323815
59,"['frag_01_c00001', 'frag_03_c00001', 'frag_13_c00001']",32075.33737323815,32075.33737323815
60,"['frag_05_c00001', 'frag_14_c00001']",32526.14197451865,32075.33737323815
61,"['frag_05_c00001', 'frag_14_c00001']",32526.14197451865,32526.14197451865
62,"['frag_05_c00001', 'frag_14_c00001']",32526.14197451865,32526.14197451865
63,"['frag_05_c00001', 'frag_14_c00001']",32526.14197451865,32526.14197451865
64,"['frag_01_c00001', 'frag_01_c00001', 'frag_15_c00001']",33119.30184730529,32526.14197451865
65,"['frag_01_c00001', 'frag_01_c00001', 'frag_15_c00001']",33119.30184730529,33119.30184730529
66,"['frag_07_c00001', 'frag_13_c00001']",43186.175564509605,33119.30184730529
67,"['frag_07_c00001', 'frag_13_c00001']",43186.175564509605,33186.175564509605
68,"['frag_07_c00001', 'frag_13_c00001']",43186.175564509605,33186.175564509605
69,"['frag_07_c00001', 'frag_13_c00001']",43186.175564509605,33186.175564509605
70,"['frag_07_c00001', 'frag_11_c00001']",33366.10043276882,33186.175564509605
71,"['frag_07_c00001', 'frag_11_c00001']",33366.10043276882,33366.10043276882
72,"['frag_07_c00001', 'frag_11_c00001']",33366.10043276882,33366.10043276882
73,"['frag_07_c00001', 'frag_11_c00001']",33366.10043276882,33366.10043276882
74,"['frag_07_c00001', 'frag_12_c00001']",33569.25701588917,33366.10043276882
75,"['frag_07_c00001', 'frag_12_c00001']",33569.25701588917,33569.25701588917
76,"['frag_07_c00001', 'frag_12_c00001']",33569.25701588917,33569.25701588917
77,"['frag_07_c00001', 'frag_12_c00001']",33569.25701588917,33569.25701588917
78,"['frag_09_c00001', 'frag_12_c00001']",33844.972411613366,33569.25701588917
79,"['frag_09_c00001', 'frag_12_c00001']",33844.972411613366,33844.972411613366
80,"['frag_09_c00001', 'frag_12_c00001']",33844.972411613366,33844.972411613366
81,"['frag_09_c00001', 'frag_12_c00001']",33844.972411613366,33844.972411613366
82,"['frag_06_c00001', 'frag_15_c00001']",44290.8521741901,33844.972411613366
83,"['frag_06_c00001', 'frag_15_c00001']",44290.8521741901,34290.8521741901
84,"['frag_06_c00001', 'frag_15_c00001']",44290.85217419011,34290.8521741901
85,"['frag_06_c00001', 'frag_15_c00001']",44290.85217419011,34290.85217419011
86,"['frag_09_c00001', 'frag_11_c00001']",34326.774013953946,34290.85217419011
87,"['frag_09_c00001', 'frag_11_c00001']",34326.774013953946,34326.774013953946
88,"['frag_09_c00001', 'frag_11_c00001']",34326.77401395396,34326.774013953946
89,"['frag_09_c00001', 'frag_11_c00001']",34326.77401395396,34326.77401395396
90,"['frag_01_c00001', 'frag_01_c00001', 'frag_16_c00001']",34373.07642443063,34326.77401395396
91,"['frag_01_c00001', 'frag_01_c00001', 'frag_16_c00001']",34373.07642443063,34373.07642443063
92,"['frag_09_c00001', 'frag_13_c00001']",44419.470284984105,34373.07642443063
93,"['frag_09_c00001', 'frag_13_c00001']",44419.470284984105,34419.470284984105
94,"['frag_09_c00001', 'frag_13_c00001']",44419.47028498412,34419.470284984105
95,"['frag_09_c00001', 'frag_13_c00001']",44419.47028498412,34419.47028498412
96,"['frag_02_c00001', 'frag_02_c00001', 'frag_12_c00001']",34861.07022258659,34419.47028498412
97,"['frag_02_c00001', 'frag_02_c00001', 'frag_12_c00001']",34861.07022258659,34861.07022258659
98,"['frag_02_c00001', 'frag_02_c00001', 'frag_11_c00001']",34904.73133701353,34861.07022258659
99,"['frag_02_c00001', 'frag_02_c00001', 'frag_11_c00001']",34904.73133701353,34904.73133701353
100,"['frag_02_c00001', 'frag_02_c00001', 'frag_13_c00001']",45296.45784870201,34904.73133701353
101,"['frag_02_c00001', 'frag_02_c00001', 'frag_13_c00001']",45296.45784870201,35296.45784870201
102,"['frag_01_c00001', 'frag_03_c00001', 'frag_14_c00001']",35348.828516437476,35296.45784870201
103,"['frag_01_c00001', 'frag_03_c00001', 'frag_14_c00001']",35348.828516437476,35348.828516437476
104,"['frag_01_c00001', 'frag_03_c00001', 'frag_14_c00001']",35348.828516437476,35348.828516437476
105,"['frag_01_c00001', 'frag_03_c00001', 'frag_14_c00001']",35348.828516437476,35348.828516437476
106,"['frag_01_c00001', 'frag_03_c00001', 'frag_14_c00001']",35348.828516437476,35348.828516437476
107,"['frag_01_c00001', 'frag_03_c00001', 'frag_14_c00001']",35348.828516437476,35348.828516437476
108,"['frag_01_c00001', 'frag_03_c00001', 'frag_14_c00001']",35348.828516437476,35348.828516437476
109,"['frag_01_c00001', 'frag_03_c00001', 'frag_14_c00001']",35348.828516437476,35348.828516437476
110,"['frag_06_c00001', 'frag_16_c00001']",45477.38354919064,35348.828516437476
111,"['frag_06_c00001', 'frag_16_c00001']",45477.38354919064,35477.38354919064
112,"['frag_06_c00001', 'frag_16_c00001']",45477.38354919064,35477.38354919064
113,"['frag_06_c00001', 'frag_16_c00001']",45477.38354919064,35477.38354919064
114,"['frag_01_c00001', 'frag_02_c00001', 'frag_15_c00001']",45765.11407114304,35477.38354919064
115,"['frag_01_c00001', 'frag_02_c00001', 'frag_15_c00001']",45765.11407114304,35765.11407114304
116,"['frag_01_c00001', 'frag_02_c00001', 'frag_15_c00001']",45765.11407114304,35765.11407114304
117,"['frag_01_c00001', 'frag_02_c00001', 'frag_15_c00001']",45765.11407114304,35765.11407114304
118,"['frag_01_c00001', 'frag_02_c00001', 'frag_15_c00001']",45765.114071143056,35765.11407114304
119,"['frag_01_c00001', 'frag_02_c00001', 'frag_15_c00001']",45765.114071143056,35765.114071143056
120,"['frag_01_c00001', 'frag_02_c00001', 'frag_15_c00001']",45765.114071143056,35765.114071143056
121,"['frag_01_c00001', 'frag_02_c00001', 'frag_15_c00001']",45765.114071143056,35765.114071143056
122,"['frag_08_c00001', 'frag_13_c00001']",46427.71114022009,35765.114071143056
123,"['frag_08_c00001', 'frag_13_c00001']",46427.71114022009,36427.71114022009
124,"['frag_08_c00001', 'frag_13_c00001']",46427.71114022009,36427.71114022009
125,"['frag_08_c00001', 'frag_13_c00001']",46427.71114022009,36427.71114022009
126,"['frag_10_c00001', 'frag_13_c00001']",46815.12861043543,36427.71114022009
127,"['frag_10_c00001', 'frag_13_c00001']",46815.12861043543,36815.12861043543
128,"['frag_10_c00001', 'frag_13_c00001']",46815.12861043543,36815.12861043543
129,"['frag_10_c00001', 'frag_13_c00001']",46815.12861043543,36815.12861043543
130,"['frag_08_c00001', 'frag_11_c00001']",36883.606004847235,36815.12861043543
131,"['frag_08_c00001', 'frag_11_c00001']",36883.606004847235,36883.606004847235
132,"['frag_08_c00001', 'frag_11_c00001']",36883.606004847235,36883.606004847235
133,"['frag_08_c00001', 'frag_11_c00001']",36883.606004847235,36883.606004847235
134,"['frag_01_c00001', 'frag_02_c00001', 'frag_16_c00001']",47013.311651960285,36883.606004847235
135,"['frag_01_c00001', 'frag_02_c00001', 'frag_16_c00001']",47013.311651960285,37013.311651960285
136,"['frag_01_c00001', 'frag_02_c00001', 'frag_16_c00001']",47013.311651960285,37013.311651960285
137,"['frag_01_c00001', 'frag_02_c00001', 'frag_16_c00001']",47013.311651960285,37013.311651960285
138,"['frag_01_c00001', 'frag_02_c00001', 'frag_16_c00001']",47013.311651960285,37013.311651960285
139,"['frag_01_c00001', 'frag_02_c00001', 'frag_16_c00001']",47013.311651960285,37013.311651960285
140,"['frag_01_c00001', 'frag_02_c00001', 'frag_16_c00001']",47013.311651960285,37013.311651960285
141,"['frag_01_c00001', 'frag_02_c00001', 'frag_16_c00001']",47013.311651960285,37013.311651960285
142,"['frag_10_c00001', 'frag_11_c00001']",37194.32095720048,37013.311651960285
143,"['frag_10_c00001', 'frag_11_c00001']",37194.32095720048,37194.32095720048
144,"['frag_10_c00001', 'frag_11_c00001']",37194.32095720049,37194.32095720048
145,"['frag_10_c00001', 'frag_11_c00001']",37194.32095720049,37194.32095720049
146,"['frag_05_c00001', 'frag_15_c00001']",47272.12369528227,37194.32095720049
147,"['frag_05_c00001', 'frag_15_c00001']",47272.12369528227,37272.12369528227
148,"['frag_05_c00001', 'frag_15_c00001']",47272.12369528227,37272.12369528227
149,"['frag_05_c00001', 'frag_15_c00001']",47272.12369528227,37272.12369528227
150,"['frag_08_c00001', 'frag_12_c00001']",37285.90339977359,37272.12369528227
151,"['frag_08_c00001', 'frag_12_c00001']",37285.90339977359,37285.90339977359
152,"['frag_08_c00001', 'frag_12_c00001']",37285.90339977359,37285.90339977359
153,"['frag_08_c00001', 'frag_12_c00001']",37285.90339977359,37285.90339977359
154,"['frag_10_c00001', 'frag_12_c00001']",37636.62076508866,37285.90339977359
155,"['frag_10_c00001', 'frag_12_c00001']",37636.62076508866,37636.62076508866
156,"['frag_10_c00001', 'frag_12_c00001']",37636.62076508866,37636.62076508866
157,"['frag_10_c00001', 'frag_12_c00001']",37636.62076508866,37636.62076508866
158,"['frag_07_c00001', 'frag_14_c00001']",47819.88979986731,37636.62076508866
159,"['frag_07_c00001', 'frag_14_c00001']",47819.88979986731,37819.88979986731
160,"['frag_07_c00001', 'frag_14_c00001']",47819.88979986733,37819.88979986731
161,"['frag_07_c00001', 'frag_14_c00001']",47819.88979986733,37819.88979986733
162,"['frag_01_c00001', 'frag_04_c00001', 'frag_13_c00001']",37899.831244647816,37819.88979986733
163,"['frag_01_c00001', 'frag_04_c00001', 'frag_13_c00001']",37899.831244647816,37899.831244647816
164,"['frag_01_c00001', 'frag_04_c00001', 'frag_13_c00001']",37899.831244647816,37899.831244647816
165,"['frag_01_c00001', 'frag_04_c00001', 'frag_13_c00001']",37899.831244647816,37899.831244647816
166,"['frag_01_c00001', 'frag_04_c00001', 'frag_13_c00001']",37899.831244647816,37899.831244647816
167,"['frag_01_c00001', 'frag_04_c00001', 'frag_13_c00001']",37899.831244647816,37899.831244647816
168,"['frag_01_c00001', 'frag_04_c00001', 'frag_13_c00001']",37899.831244647816,37899.831244647816
169,"['frag_01_c00001', 'frag_04_c00001', 'frag_13_c00001']",37899.831244647816,37899.831244647816
170,"['frag_02_c00001', 'frag_03_c00001', 'frag_12_c00001']",38210.20194517106,37899.831244647816
171,"['frag_02_c00001', 'frag_03_c00001', 'frag_12_c00001']",38210.20194517106,38210.20194517106
172,"['frag_02_c00001', 'frag_03_c00001', 'frag_12_c00001']",38210.20194517106,38210.20194517106
173,"['frag_02_c00001', 'frag_03_c00001', 'frag_12_c00001']",38210.20194517106,38210.20194517106
174,"['frag_02_c00001', 'frag_03_c00001', 'frag_12_c00001']",38210.20194517106,38210.20194517106
175,"['frag_02_c00001', 'frag_03_c00001', 'frag_12_c00001']",38210.20194517106,38210.20194517106
176,"['frag_02_c00001', 'frag_03_c00001', 'frag_12_c00001']",38210.20194517106,38210.20194517106
177,"['frag_02_c00001', 'frag_03_c00001', 'frag_12_c00001']",38210.20194517106,38210.20194517106
178,"['frag_02_c00001', 'frag_03_c00001', 'frag_11_c00001']",38254.87672332062,38210.20194517106
179,"['frag_02_c00001', 'frag_03_c00001', 'frag_11_c00001']",38254.87672332062,38254.87672332062
180,"['frag_02_c00001', 'frag_03_c00001', 'frag_11_c00001']",38254.87672332062,38254.87672332062
181,"['frag_02_c00001', 'frag_03_c00001', 'frag_11_c00001']",38254.87672332062,38254.87672332062
182,"['frag_02_c00001', 'frag_03_c00001', 'frag_11_c00001']",38254.87672332062,38254.87672332062
183,"['frag_02_c00001', 'frag_03_c00001', 'frag_11_c00001']",38254.87672332062,38254.87672332062
184,"['frag_02_c00001', 'frag_03_c00001', 'frag_11_c00001']",38254.87672332062,38254.87672332062
185,"['frag_02_c00001', 'frag_03_c00001', 'frag_11_c00001']",38254.87672332062,38254.87672332062
186,"['frag_02_c00001', 'frag_03_c00001', 'frag_13_c00001']",48501.35748593418,38254.87672332062
187,"['frag_02_c00001', 'frag_03_c00001', 'frag_13_c00001']",48501.35748593418,38501.35748593418
188,"['frag_02_c00001', 'frag_03_c00001', 'frag_13_c00001']",48501.35748593418,38501.35748593418
189,"['frag_02_c00001', 'frag_03_c00001', 'frag_13_c00001']",48501.35748593418,38501.35748593418
190,"['frag_02_c00001', 'frag_03_c00001', 'frag_13_c00001']",48501.35748593418,38501.35748593418
191,"['frag_02_c00001', 'frag_03_c00001', 'frag_13_c00001']",48501.35748593418,38501.35748593418
192,"['frag_02_c00001', 'frag_03_c00001', 'frag_13_c00001']",48501.35748593418,38501.35748593418
193,"['frag_02_c00001', 'frag_03_c00001', 'frag_13_c00001']",48501.35748593418,38501.35748593418
194,"['frag_09_c00001', 'frag_14_c00001']",48721.05215020538,38501.35748593418
195,"['frag_09_c00001', 'frag_14_c00001']",48721.05215020538,38721.05215020538
196,"['frag_09_c00001', 'frag_14_c00001']",48721.05215020538,38721.05215020538
197,"['frag_09_c00001', 'frag_14_c00001']",48721.05215020538,38721.05215020538
198,"['frag_05_c00001', 'frag_16_c00001']",49474.51247441641,38721.05215020538
199,"['frag_05_c00001', 'frag_16_c00001']",49474.51247441641,39474.51247441641
200,"['frag_05_c00001', 'frag_16_c00001']",49474.51247441641,39474.51247441641
201,"['frag_05_c00001', 'frag_16_c00001']",49474.51247441641,39474.51247441641
202,"['frag_02_c00001', 'frag_02_c00001', 'frag_14_c00001']",49848.692185458385,39474.51247441641
203,"['frag_02_c00001', 'frag_02_c00001', 'frag_14_c00001']",49848.692185458385,39848.692185458385
204,"['frag_01_c00001', 'frag_03_c00001', 'frag_15_c00001']",50018.36402447313,39848.692185458385
205,"['frag_01_c00001', 'frag_03_c00001', 'frag_15_c00001']",50018.36402447313,40018.36402447313
206,"['frag_01_c00001', 'frag_03_c00001', 'frag_15_c00001']",50018.36402447314,40018.36402447313
207,"['frag_01_c00001', 'frag_03_c00001', 'frag_15_c00001']",50018.36402447314,40018.36402447314
208,"['frag_01_c00001', 'frag_03_c00001', 'frag_15_c00001']",50018.36402447314,40018.36402447314
209,"['frag_01_c00001', 'frag_03_c00001', 'frag_15_c00001']",50018.36402447314,40018.36402447314
210,"['frag_01_c00001', 'frag_03_c00001', 'frag_15_c00001']",50018.36402447314,40018.36402447314
211,"['frag_01_c00001', 'frag_03_c00001', 'frag_15_c00001']",50018.36402447314,40018.36402447314
212,"['frag_01_c00001', 'frag_04_c00001', 'frag_14_c00001']",41109.39277369303,40018.36402447314
213,"['frag_01_c00001', 'frag_04_c00001', 'frag_14_c00001']",41109.39277369303,41109.39277369303
214,"['frag_01_c00001', 'frag_04_c00001', 'frag_14_c00001']",41109.39277369303,41109.39277369303
215,"['frag_01_c00001', 'frag_04_c00001', 'frag_14_c00001']",41109.39277369303,41109.39277369303
216,"['frag_01_c00001', 'frag_04_c00001', 'frag_14_c00001']",41109.39277369303,41109.39277369303
217,"['frag_01_c00001', 'frag_04_c00001', 'frag_14_c00001']",41109.39277369303,41109.39277369303
218,"['frag_01_c00001', 'frag_04_c00001', 'frag_14_c00001']",41109.39277369303,41109.39277369303
219,"['frag_01_c00001', 'frag_04_c00001', 'frag_14_c00001']",41109.39277369303,41109.39277369303
220,"['frag_10_c00001', 'frag_14_c00001']",51141.40227017752,41109.39277369303
221,"['frag_10_c00001', 'frag_14_c00001']",51141.40227017752,41141.40227017752
222,"['frag_10_c00001', 'frag_14_c00001']",51141.40227017753,41141.40227017752
223,"['frag_10_c00001', 'frag_14_c00001']",51141.40227017753,41141.40227017753
224,"['frag_01_c00001', 'frag_03_c00001', 'frag_16_c00001']",51265.384057288036,41141.40227017753
225,"['frag_01_c00001', 'frag_03_c00001', 'frag_16_c00001']",51265.384057288036,41265.384057288036
226,"['frag_01_c00001', 'frag_03_c00001', 'frag_16_c00001']",51265.384057288036,41265.384057288036
227,"['frag_01_c00001', 'frag_03_c00001', 'frag_16_c00001']",51265.384057288036,41265.384057288036
228,"['frag_01_c00001', 'frag_03_c00001', 'frag_16_c00001']",51265.384057288036,41265.384057288036
229,"['frag_01_c00001', 'frag_03_c00001', 'frag_16_c00001']",51265.384057288036,41265.384057288036
230,"['frag_01_c00001', 'frag_03_c00001', 'frag_16_c00001']",51265.384057288036,41265.384057288036
231,"['frag_01_c00001', 'frag_03_c00001', 'frag_16_c00001']",51265.384057288036,41265.384057288036
232,"['frag_08_c00001', 'frag_14_c00001']",51331.47100217414,41265.384057288036
233,"['frag_08_c00001', 'frag_14_c00001']",51331.47100217414,41331.47100217414
234,"['frag_08_c00001', 'frag_14_c00001']",51331.47100217414,41331.47100217414
235,"['frag_08_c00001', 'frag_14_c00001']",51331.47100217414,41331.47100217414
236,"['frag_03_c00001', 'frag_03_c00001', 'frag_12_c00001']",42168.62580055459,41331.47100217414
237,"['frag_03_c00001', 'frag_03_c00001', 'frag_12_c00001']",42168.62580055459,42168.62580055459
238,"['frag_03_c00001', 'frag_03_c00001', 'frag_11_c00001']",42214.31424242675,42168.62580055459
239,"['frag_03_c00001', 'frag_03_c00001', 'frag_11_c00001']",42214.31424242675,42214.31424242675
240,"['frag_01_c00001', 'frag_07_c00001', 'frag_07_c00001']",42269.34065376357,42214.31424242675
241,"['frag_01_c00001', 'frag_07_c00001', 'frag_07_c00001']",42269.34065376357,42269.34065376357
242,"['frag_03_c00001', 'frag_03_c00001', 'frag_13_c00001']",52315.5492559654,42269.34065376357
243,"['frag_03_c00001', 'frag_03_c00001', 'frag_13_c00001']",52315.5492559654,42315.5492559654
244,"['frag_02_c00001', 'frag_03_c00001', 'frag_14_c00001']",52998.12577180408,42315.5492559654
245,"['frag_02_c00001', 'frag_03_c00001', 'frag_14_c00001']",52998.12577180408,42998.12577180408
246,"['frag_02_c00001', 'frag_03_c00001', 'frag_14_c00001']",52998.12577180408,42998.12577180408
247,"['frag_02_c00001', 'frag_03_c00001', 'frag_14_c00001']",52998.12577180408,42998.12577180408
248,"['frag_02_c00001', 'frag_03_c00001', 'frag_14_c00001']",52998.12577180408,42998.12577180408
249,"['frag_02_c00001', 'frag_03_c00001', 'frag_14_c00001']",52998.12577180408,42998.12577180408
250,"['frag_02_c00001', 'frag_03_c00001', 'frag_14_c00001']",52998.12577180408,42998.12577180408
251,"['frag_02_c00001', 'frag_03_c00001', 'frag_14_c00001']",52998.12577180408,42998.12577180408
252,"['frag_02_c00001', 'frag_04_c00001', 'frag_12_c00001']",43076.47934080773,42998.12577180408
253,"['frag_02_c00001', 'frag_04_c00001', 'frag_12_c00001']",43076.47934080773,43076.47934080773
254,"['frag_02_c00001', 'frag_04_c00001', 'frag_12_c00001']",43076.47934080773,43076.47934080773
255,"['frag_02_c00001', 'frag_04_c00001', 'frag_12_c00001']",43076.47934080773,43076.47934080773
256,"['frag_02_c00001', 'frag_04_c00001', 'frag_12_c00001']",43076.47934080773,43076.47934080773
257,"['frag_02_c00001', 'frag_04_c00001', 'frag_12_c00001']",43076.47934080773,43076.47934080773
258,"['frag_02_c00001', 'frag_04_c00001', 'frag_12_c00001']",43076.47934080773,43076.47934080773
259,"['frag_02_c00001', 'frag_04_c00001', 'frag_12_c00001']",43076.47934080773,43076.47934080773
260,"['frag_02_c00001', 'frag_04_c00001', 'frag_11_c00001']",43122.32245760106,43076.47934080773
261,"['frag_02_c00001', 'frag_04_c00001', 'frag_11_c00001']",43122.32245760106,43122.32245760106
262,"['frag_02_c00001', 'frag_04_c00001', 'frag_11_c00001']",43122.32245760106,43122.32245760106
263,"['frag_02_c00001', 'frag_04_c00001', 'frag_11_c00001']",43122.32245760106,43122.32245760106
264,"['frag_02_c00001', 'frag_04_c00001', 'frag_11_c00001']",43122.322457601076,43122.32245760106
265,"['frag_02_c00001', 'frag_04_c00001', 'frag_11_c00001']",43122.322457601076,43122.322457601076
266,"['frag_02_c00001', 'frag_04_c00001', 'frag_11_c00001']",43122.322457601076,43122.322457601076
267,"['frag_02_c00001', 'frag_04_c00001', 'frag_11_c00001']",43122.322457601076,43122.322457601076
268,"['frag_02_c00001', 'frag_06_c00001', 'frag_07_c00001']",43151.80017029109,43122.322457601076
269,"['frag_02_c00001', 'frag_06_c00001', 'frag_07_c00001']",43151.80017029109,43151.80017029109
270,"['frag_02_c00001', 'frag_06_c00001', 'frag_07_c00001']",43151.80017029109,43151.80017029109
271,"['frag_02_c00001', 'frag_06_c00001', 'frag_07_c00001']",43151.80017029109,43151.80017029109
272,"['frag_02_c00001', 'frag_06_c00001', 'frag_07_c00001']",43151.80017029109,43151.80017029109
273,"['frag_02_c00001', 'frag_06_c00001', 'frag_07_c00001']",43151.80017029109,43151.80017029109
274,"['frag_02_c00001', 'frag_06_c00001', 'frag_07_c00001']",43151.80017029109,43151.80017029109
275,"['frag_02_c00001', 'frag_06_c00001', 'frag_07_c00001']",43151.80017029109,43151.80017029109
276,"['frag_02_c00001', 'frag_04_c00001', 'frag_13_c00001']",53201.39442605164,43151.80017029109
277,"['frag_02_c00001', 'frag_04_c00001', 'frag_13_c00001']",53201.39442605164,43201.39442605164
278,"['frag_02_c00001', 'frag_04_c00001', 'frag_13_c00001']",53201.39442605165,43201.39442605164
279,"['frag_02_c00001', 'frag_04_c00001', 'frag_13_c00001']",53201.39442605165,43201.39442605165
280,"['frag_02_c00001', 'frag_04_c00001', 'frag_13_c00001']",53201.39442605165,43201.39442605165
281,"['frag_02_c00001', 'frag_04_c00001', 'frag_13_c00001']",53201.39442605165,43201.39442605165
282,"['frag_02_c00001', 'frag_04_c00001', 'frag_13_c00001']",53201.39442605165,43201.39442605165
283,"['frag_02_c00001', 'frag_04_c00001', 'frag_13_c00001']",53201.39442605165,43201.39442605165
284,"['frag_07_c00001', 'frag_15_c00001']",63319.26678510116,43201.39442605165
285,"['frag_07_c00001', 'frag_15_c00001']",63319.26678510116,43319.26678510116
286,"['frag_07_c00001', 'frag_15_c00001']",63319.26678510117,43319.26678510116
287,"['frag_07_c00001', 'frag_15_c00001']",63319.26678510117,43319.26678510117
288,"['frag_09_c00001', 'frag_15_c00001']",64754.12671850276,43319.26678510117
289,"['frag_09_c00001', 'frag_15_c00001']",64754.12671850276,44754.12671850276
290,"['frag_09_c00001', 'frag_15_c00001']",64754.12671850276,44754.12671850276
291,"['frag_09_c00001', 'frag_15_c00001']",64754.12671850276,44754.12671850276
292,"['frag_07_c00001', 'frag_16_c00001']",65093.044141878076,44754.12671850276
293,"['frag_07_c00001', 'frag_16_c00001']",65093.044141878076,45093.044141878076
294,"['frag_07_c00001', 'frag_16_c00001']",65093.044141878076,45093.044141878076
295,"['frag_07_c00001', 'frag_16_c00001']",65093.044141878076,45093.044141878076
296,"['frag_02_c00001', 'frag_02_c00001', 'frag_15_c00001']",65268.11403151508,45093.044141878076
297,"['frag_02_c00001', 'frag_02_c00001', 'frag_15_c00001']",65268.11403151508,45268.11403151508
298,"['frag_01_c00001', 'frag_07_c00001', 'frag_09_c00001']",45292.48429572088,45268.11403151508
299,"['frag_01_c00001', 'frag_07_c00001', 'frag_09_c00001']",45292.48429572088,45292.48429572088
300,"['frag_01_c00001', 'frag_07_c00001', 'frag_09_c00001']",45292.48429572088,45292.48429572088
301,"['frag_01_c00001', 'frag_07_c00001', 'frag_09_c00001']",45292.48429572088,45292.48429572088
302,"['frag_01_c00001', 'frag_07_c00001', 'frag_09_c00001']",45292.48429572088,45292.48429572088
303,"['frag_01_c00001', 'frag_07_c00001', 'frag_09_c00001']",45292.48429572088,45292.48429572088
304,"['frag_01_c00001', 'frag_07_c00001', 'frag_09_c00001']",45292.4842957209,45292.48429572088
305,"['frag_01_c00001', 'frag_07_c00001', 'frag_09_c00001']",45292.4842957209,45292.4842957209
306,"['frag_09_c00001', 'frag_16_c00001']",65858.12273235648,45292.4842957209
307,"['frag_09_c00001', 'frag_16_c00001']",65858.12273235648,45858.12273235649
308,"['frag_09_c00001', 'frag_16_c00001']",65858.12273235648,45858.12273235649
309,"['frag_09_c00001', 'frag_16_c00001']",65858.12273235648,45858.12273235649
310,"['frag_01_c00001', 'frag_04_c00001', 'frag_15_c00001']",56010.268254367584,45858.12273235649
311,"['frag_01_c00001', 'frag_04_c00001', 'frag_15_c00001']",56010.268254367584,46010.268254367584
312,"['frag_01_c00001', 'frag_04_c00001', 'frag_15_c00001']",56010.268254367584,46010.268254367584
313,"['frag_01_c00001', 'frag_04_c00001', 'frag_15_c00001']",56010.268254367584,46010.268254367584
314,"['frag_01_c00001', 'frag_04_c00001', 'frag_15_c00001']",56010.268254367584,46010.268254367584
315,"['frag_01_c00001', 'frag_04_c00001', 'frag_15_c00001']",56010.268254367584,46010.268254367584
316,"['frag_01_c00001', 'frag_04_c00001', 'frag_15_c00001']",56010.2682543676,46010.268254367584
317,"['frag_01_c00001', 'frag_04_c00001', 'frag_15_c00001']",56010.2682543676,46010.2682543676
318,"['frag_01_c00001', 'frag_02_c00001', 'frag_02_c00001', 'frag_07_c00001']",46439.68578441544,46010.2682543676
319,"['frag_01_c00001', 'frag_02_c00001', 'frag_02_c00001', 'frag_07_c00001']",46439.68578441544,46439.68578441544
320,"['frag_01_c00001', 'frag_02_c00001', 'frag_02_c00001', 'frag_07_c00001']",46439.685784415466,46439.68578441544
321,"['frag_01_c00001', 'frag_02_c00001', 'frag_02_c00001', 'frag_07_c00001']",46439.685784415466,46439.685784415466
322,"['frag_02_c00001', 'frag_02_c00001', 'frag_16_c00001']",66510.73461602419,46439.685784415466
323,"['frag_02_c00001', 'frag_02_c00001', 'frag_16_c00001']",66510.73461602419,46510.734616024194
324,"['frag_08_c00001', 'frag_15_c00001']",66521.75477659327,46510.734616024194
325,"['frag_08_c00001', 'frag_15_c00001']",66521.75477659327,46521.754776593276
326,"['frag_08_c00001', 'frag_15_c00001']",66521.75477659327,46521.754776593276
327,"['frag_08_c00001', 'frag_15_c00001']",66521.75477659327,46521.754776593276
328,"['frag_03_c00001', 'frag_03_c00001', 'frag_14_c00001']",56756.85149094885,46521.754776593276
329,"['frag_03_c00001', 'frag_03_c00001', 'frag_14_c00001']",56756.85149094885,46756.85149094885
330,"['frag_10_c00001', 'frag_15_c00001']",66985.42663158718,46756.85149094885
331,"['frag_10_c00001', 'frag_15_c00001']",66985.42663158718,46985.42663158719
332,"['frag_10_c00001', 'frag_15_c00001']",66985.42663158718,46985.42663158719
333,"['frag_10_c00001', 'frag_15_c00001']",66985.42663158718,46985.42663158719
334,"['frag_03_c00001', 'frag_06_c00001', 'frag_07_c00001']",47059.26488899839,46985.42663158719
335,"['frag_03_c00001', 'frag_06_c00001', 'frag_07_c00001']",47059.26488899839,47059.26488899839
336,"['frag_03_c00001', 'frag_06_c00001', 'frag_07_c00001']",47059.26488899839,47059.26488899839
337,"['frag_03_c00001', 'frag_06_c00001', 'frag_07_c00001']",47059.26488899839,47059.26488899839
338,"['frag_03_c00001', 'frag_06_c00001', 'frag_07_c00001']",47059.26488899839,47059.26488899839
339,"['frag_03_c00001', 'frag_06_c00001', 'frag_07_c00001']",47059.26488899839,47059.26488899839
340,"['frag_03_c00001', 'frag_06_c00001', 'frag_07_c00001']",47059.26488899839,47059.26488899839
341,"['frag_03_c00001', 'frag_06_c00001', 'frag_07_c00001']",47059.26488899839,47059.26488899839
342,"['frag_02_c00001', 'frag_05_c00001', 'frag_07_c00001']",47210.411440960605,47059.26488899839
343,"['frag_02_c00001', 'frag_05_c00001', 'frag_07_c00001']",47210.411440960605,47210.411440960605
344,"['frag_02_c00001', 'frag_05_c00001', 'frag_07_c00001']",47210.411440960605,47210.411440960605
345,"['frag_02_c00001', 'frag_05_c00001', 'frag_07_c00001']",47210.411440960605,47210.411440960605
346,"['frag_02_c00001', 'frag_05_c00001', 'frag_07_c00001']",47210.411440960605,47210.411440960605
347,"['frag_02_c00001', 'frag_05_c00001', 'frag_07_c00001']",47210.411440960605,47210.411440960605
348,"['frag_02_c00001', 'frag_05_c00001', 'frag_07_c00001']",47210.411440960605,47210.411440960605
349,"['frag_02_c00001', 'frag_05_c00001', 'frag_07_c00001']",47210.411440960605,47210.411440960605
350,"['frag_01_c00001', 'frag_04_c00001', 'frag_16_c00001']",57255.93105716096,47210.411440960605
351,"['frag_01_c00001', 'frag_04_c00001', 'frag_16_c00001']",57255.93105716096,47255.93105716096
352,"['frag_01_c00001', 'frag_04_c00001', 'frag_16_c00001']",57255.93105716096,47255.93105716096
353,"['frag_01_c00001', 'frag_04_c00001', 'frag_16_c00001']",57255.93105716096,47255.93105716096
354,"['frag_01_c00001', 'frag_04_c00001', 'frag_16_c00001']",57255.93105716096,47255.93105716096
355,"['frag_01_c00001', 'frag_04_c00001', 'frag_16_c00001']",57255.93105716096,47255.93105716096
356,"['frag_01_c00001', 'frag_04_c00001', 'frag_16_c00001']",57255.931057160975,47255.93105716096
357,"['frag_01_c00001', 'frag_04_c00001', 'frag_16_c00001']",57255.931057160975,47255.931057160975
358,"['frag_02_c00001', 'frag_04_c00001', 'frag_14_c00001']",57634.233097767436,47255.931057160975
359,"['frag_02_c00001', 'frag_04_c00001', 'frag_14_c00001']",57634.233097767436,47634.233097767436
360,"['frag_02_c00001', 'frag_04_c00001', 'frag_14_c00001']",57634.233097767436,47634.233097767436
361,"['frag_02_c00001', 'frag_04_c00001', 'frag_14_c00001']",57634.233097767436,47634.233097767436
362,"['frag_02_c00001', 'frag_04_c00001', 'frag_14_c00001']",57634.233097767436,47634.233097767436
363,"['frag_02_c00001', 'frag_04_c00001', 'frag_14_c00001']",57634.233097767436,47634.233097767436
364,"['frag_02_c00001', 'frag_04_c00001', 'frag_14_c00001']",57634.233097767436,47634.233097767436
365,"['frag_02_c00001', 'frag_04_c00001', 'frag_14_c00001']",57634.233097767436,47634.233097767436
366,"['frag_03_c00001', 'frag_04_c00001', 'frag_13_c00001']",57755.45700781694,47634.233097767436
367,"['frag_03_c00001', 'frag_04_c00001', 'frag_13_c00001']",57755.45700781694,47755.45700781694
368,"['frag_03_c00001', 'frag_04_c00001', 'frag_13_c00001']",57755.45700781694,47755.45700781694
369,"['frag_03_c00001', 'frag_04_c00001', 'frag_13_c00001']",57755.45700781694,47755.45700781694
370,"['frag_03_c00001', 'frag_04_c00001', 'frag_13_c00001']",57755.45700781694,47755.45700781694
371,"['frag_03_c00001', 'frag_04_c00001', 'frag_13_c00001']",57755.45700781694,47755.45700781694
372,"['frag_03_c00001', 'frag_04_c00001', 'frag_13_c00001']",57755.45700781694,47755.45700781694
373,"['frag_03_c00001', 'frag_04_c00001', 'frag_13_c00001']",57755.45700781694,47755.45700781694
374,"['frag_02_c00001', 'frag_06_c00001', 'frag_08_c00001']",47757.06507799784,47755.45700781694
375,"['frag_02_c00001', 'frag_06_c00001', 'frag_08_c00001']",47757.06507799784,47757.06507799784
376,"['frag_02_c00001', 'frag_06_c00001', 'frag_08_c00001']",47757.06507799784,47757.06507799784
377,"['frag_02_c00001', 'frag_06_c00001', 'frag_08_c00001']",47757.06507799784,47757.06507799784
378,"['frag_02_c00001', 'frag_06_c00001', 'frag_08_c00001']",47757.06507799784,47757.06507799784
379,"['frag_02_c00001', 'frag_06_c00001', 'frag_08_c00001']",47757.06507799784,47757.06507799784
380,"['frag_02_c00001', 'frag_06_c00001', 'frag_08_c00001']",47757.06507799784,47757.06507799784
381,"['frag_02_c00001', 'frag_06_c00001', 'frag_08_c00001']",47757.06507799784,47757.06507799784
382,"['frag_03_c00001', 'frag_04_c00001', 'frag_12_c00001']",47774.774007925334,47757.06507799784
383,"['frag_03_c00001', 'frag_04_c00001', 'frag_12_c00001']",47774.774007925334,47774.774007925334
384,"['frag_03_c00001', 'frag_04_c00001', 'frag_12_c00001']",47774.774007925334,47774.774007925334
385,"['frag_03_c00001', 'frag_04_c00001', 'frag_12_c00001']",47774.774007925334,47774.774007925334
386,"['frag_03_c00001', 'frag_04_c00001', 'frag_12_c00001']",47774.774007925334,47774.774007925334
387,"['frag_03_c00001', 'frag_04_c00001', 'frag_12_c00001']",47774.774007925334,47774.774007925334
388,"['frag_03_c00001', 'frag_04_c00001', 'frag_12_c00001']",47774.774007925334,47774.774007925334
389,"['frag_03_c00001', 'frag_04_c00001', 'frag_12_c00001']",47774.774007925334,47774.774007925334
390,"['frag_03_c00001', 'frag_04_c00001', 'frag_11_c00001']",47821.63078844129,47774.774007925334
391,"['frag_03_c00001', 'frag_04_c00001', 'frag_11_c00001']",47821.63078844129,47821.63078844129
392,"['frag_03_c00001', 'frag_04_c00001', 'frag_11_c00001']",47821.63078844129,47821.63078844129
393,"['frag_03_c00001', 'frag_04_c00001', 'frag_11_c00001']",47821.63078844129,47821.63078844129
394,"['frag_03_c00001', 'frag_04_c00001', 'frag_11_c00001']",47821.63078844129,47821.63078844129
395,"['frag_03_c00001', 'frag_04_c00001', 'frag_11_c00001']",47821.63078844129,47821.63078844129
396,"['frag_03_c00001', 'frag_04_c00001', 'frag_11_c00001']",47821.6307884413,47821.63078844129
397,"['frag_03_c00001', 'frag_04_c00001', 'frag_11_c00001']",47821.6307884413,47821.6307884413
398,"['frag_01_c00001', 'frag_07_c00001', 'frag_08_c00001']",47909.396402157094,47821.6307884413
399,"['frag_01_c00001', 'frag_07_c00001', 'frag_08_c00001']",47909.396402157094,47909.396402157094
400,"['frag_01_c00001', 'frag_07_c00001', 'frag_08_c00001']",47909.396402157094,47909.396402157094
401,"['frag_01_c00001', 'frag_07_c00001', 'frag_08_c00001']",47909.396402157094,47909.396402157094
402,"['frag_01_c00001', 'frag_07_c00001', 'frag_08_c00001']",47909.396402157094,47909.396402157094
403,"['frag_01_c00001', 'frag_07_c00001', 'frag_08_c00001']",47909.396402157094,47909.396402157094
404,"['frag_01_c00001', 'frag_07_c00001', 'frag_08_c00001']",47909.396402157094,47909.396402157094
405,"['frag_01_c00001', 'frag_07_c00001', 'frag_08_c00001']",47909.396402157094,47909.396402157094
406,"['frag_02_c00001', 'frag_06_c00001', 'frag_09_c00001']",47992.00031050055,47909.396402157094
407,"['frag_02_c00001', 'frag_06_c00001', 'frag_09_c00001']",47992.00031050055,47992.00031050055
408,"['frag_02_c00001', 'frag_06_c00001', 'frag_09_c00001']",47992.00031050055,47992.00031050055
409,"['frag_02_c00001', 'frag_06_c00001', 'frag_09_c00001']",47992.00031050055,47992.00031050055
410,"['frag_02_c00001', 'frag_06_c00001', 'frag_09_c00001']",47992.00031050057,47992.00031050055
411,"['frag_02_c00001', 'frag_06_c00001', 'frag_09_c00001']",47992.00031050057,47992.00031050057
412,"['frag_02_c00001', 'frag_06_c00001', 'frag_09_c00001']",47992.00031050057,47992.00031050057
413,"['frag_02_c00001', 'frag_06_c00001', 'frag_09_c00001']",47992.00031050057,47992.00031050057
414,"['frag_01_c00001', 'frag_07_c00001', 'frag_10_c00001']",48230.89277897729,47992.00031050057
415,"['frag_01_c00001', 'frag_07_c00001', 'frag_10_c00001']",48230.89277897729,48230.89277897729
416,"['frag_01_c00001', 'frag_07_c00001', 'frag_10_c00001']",48230.89277897729,48230.89277897729
417,"['frag_01_c00001', 'frag_07_c00001', 'frag_10_c00001']",48230.89277897729,48230.89277897729
418,"['frag_01_c00001', 'frag_07_c00001', 'frag_10_c00001']",48230.89277897729,48230.89277897729
419,"['frag_01_c00001', 'frag_07_c00001', 'frag_10_c00001']",48230.89277897729,48230.89277897729
420,"['frag_01_c00001', 'frag_07_c00001', 'frag_10_c00001']",48230.89277897729,48230.89277897729
421,"['frag_01_c00001', 'frag_07_c00001', 'frag_10_c00001']",48230.89277897729,48230.89277897729
422,"['frag_02_c00001', 'frag_03_c00001', 'frag_15_c00001']",68618.26077504529,48230.89277897729
423,"['frag_02_c00001', 'frag_03_c00001', 'frag_15_c00001']",68618.26077504529,48618.260775045295
424,"['frag_02_c00001', 'frag_03_c00001', 'frag_15_c00001']",68618.26077504529,48618.260775045295
425,"['frag_02_c00001', 'frag_03_c00001', 'frag_15_c00001']",68618.26077504529,48618.260775045295
426,"['frag_02_c00001', 'frag_03_c00001', 'frag_15_c00001']",68618.26077504529,48618.260775045295
427,"['frag_02_c00001', 'frag_03_c00001', 'frag_15_c00001']",68618.26077504529,48618.260775045295
428,"['frag_02_c00001', 'frag_03_c00001', 'frag_15_c00001']",68618.26077504529,48618.260775045295
429,"['frag_02_c00001', 'frag_03_c00001', 'frag_15_c00001']",68618.26077504529,48618.260775045295
430,"['frag_08_c00001', 'frag_16_c00001']",68705.99204267975,48618.260775045295
431,"['frag_08_c00001', 'frag_16_c00001']",68705.99204267975,48705.992042679754
432,"['frag_08_c00001', 'frag_16_c00001']",68705.99204267975,48705.992042679754
433,"['frag_08_c00001', 'frag_16_c00001']",68705.99204267975,48705.992042679754
434,"['frag_10_c00001', 'frag_16_c00001']",69218.74285229668,48705.992042679754
435,"['frag_10_c00001', 'frag_16_c00001']",69218.74285229668,49218.74285229669
436,"['frag_10_c00001', 'frag_16_c00001']",69218.74285229668,49218.74285229669
437,"['frag_10_c00001', 'frag_16_c00001']",69218.74285229668,49218.74285229669
438,"['frag_02_c00001', 'frag_03_c00001', 'frag_16_c00001']",69859.70381155208,49218.74285229669
439,"['frag_02_c00001', 'frag_03_c00001', 'frag_16_c00001']",69859.70381155208,49859.70381155209
440,"['frag_02_c00001', 'frag_03_c00001', 'frag_16_c00001']",69859.70381155208,49859.70381155209
441,"['frag_02_c00001', 'frag_03_c00001', 'frag_16_c00001']",69859.70381155208,49859.70381155209
442,"['frag_02_c00001', 'frag_03_c00001', 'frag_16_c00001']",69859.70381155208,49859.70381155209
443,"['frag_02_c00001', 'frag_03_c00001', 'frag_16_c00001']",69859.70381155208,49859.70381155209
444,"['frag_02_c00001', 'frag_03_c00001', 'frag_16_c00001']",69859.70381155208,49859.70381155209
445,"['frag_02_c00001', 'frag_03_c00001', 'frag_16_c00001']",69859.70381155208,49859.70381155209
446,"['frag_01_c00001', 'frag_06_c00001', 'frag_11_c00001']",49912.41425899446,49859.70381155209
447,"['frag_01_c00001', 'frag_06_c00001', 'frag_11_c00001']",49912.41425899446,49912.41425899446
448,"['frag_01_c00001', 'frag_06_c00001', 'frag_11_c00001']",49912.41425899446,49912.41425899446
449,"['frag_01_c00001', 'frag_06_c00001', 'frag_11_c00001']",49912.41425899446,49912.41425899446
450,"['frag_01_c00001', 'frag_06_c00001', 'frag_11_c00001']",49912.41425899446,49912.41425899446
451,"['frag_01_c00001', 'frag_06_c00001', 'frag_11_c00001']",49912.41425899446,49912.41425899446
452,"['frag_01_c00001', 'frag_06_c00001', 'frag_11_c00001']",49912.41425899446,49912.41425899446
453,"['frag_01_c00001', 'frag_06_c00001', 'frag_11_c00001']",49912.41425899446,49912.41425899446
454,"['frag_02_c00001', 'frag_06_c00001', 'frag_10_c00001']",49945.52122886318,49912.41425899446
455,"['frag_02_c00001', 'frag_06_c00001', 'frag_10_c00001']",49945.52122886318,49945.52122886318
456,"['frag_02_c00001', 'frag_06_c00001', 'frag_10_c00001']",49945.52122886318,49945.52122886318
457,"['frag_02_c00001', 'frag_06_c00001', 'frag_10_c00001']",49945.52122886318,49945.52122886318
458,"['frag_02_c00001', 'frag_06_c00001', 'frag_10_c00001']",49945.521228863196,49945.52122886318
459,"['frag_02_c00001', 'frag_06_c00001', 'frag_10_c00001']",49945.521228863196,49945.521228863196
460,"['frag_02_c00001', 'frag_06_c00001', 'frag_10_c00001']",49945.521228863196,49945.521228863196
461,"['frag_02_c00001', 'frag_06_c00001', 'frag_10_c00001']",49945.521228863196,49945.521228863196
462,"['frag_01_c00001', 'frag_06_c00001', 'frag_12_c00001']",50045.788547102326,49945.521228863196
463,"['frag_01_c00001', 'frag_06_c00001', 'frag_12_c00001']",50045.788547102326,50045.788547102326
464,"['frag_01_c00001', 'frag_06_c00001', 'frag_12_c00001']",50045.788547102326,50045.788547102326
465,"['frag_01_c00001', 'frag_06_c00001', 'frag_12_c00001']",50045.788547102326,50045.788547102326
466,"['frag_01_c00001', 'frag_06_c00001', 'frag_12_c00001']",50045.788547102326,50045.788547102326
467,"['frag_01_c00001', 'frag_06_c00001', 'frag_12_c00001']",50045.788547102326,50045.788547102326
468,"['frag_01_c00001', 'frag_06_c00001', 'frag_12_c00001']",50045.78854710234,50045.788547102326
469,"['frag_01_c00001', 'frag_06_c00001', 'frag_12_c00001']",50045.78854710234,50045.78854710234
470,"['frag_02_c00001', 'frag_05_c00001', 'frag_09_c00001']",50481.986499428116,50045.78854710234
471,"['frag_02_c00001', 'frag_05_c00001', 'frag_09_c00001']",50481.986499428116,50481.986499428116
472,"['frag_02_c00001', 'frag_05_c00001', 'frag_09_c00001']",50481.986499428116,50481.986499428116
473,"['frag_02_c00001', 'frag_05_c00001', 'frag_09_c00001']",50481.986499428116,50481.986499428116
474,"['frag_02_c00001', 'frag_05_c00001', 'frag_09_c00001']",50481.98649942813,50481.986499428116
475,"['frag_02_c00001', 'frag_05_c00001', 'frag_09_c00001']",50481.98649942813,50481.98649942813
476,"['frag_02_c00001', 'frag_05_c00001', 'frag_09_c00001']",50481.98649942813,50481.98649942813
477,"['frag_02_c00001', 'frag_05_c00001', 'frag_09_c00001']",50481.98649942813,50481.98649942813
478,"['frag_02_c00001', 'frag_07_c00001', 'frag_07_c00001']",60579.34318375718,50481.98649942813
479,"['frag_02_c00001', 'frag_07_c00001', 'frag_07_c00001']",60579.34318375718,50579.34318375718
480,"['frag_01_c00001', 'frag_06_c00001', 'frag_13_c00001']",60587.20454138383,50579.34318375718
481,"['frag_01_c00001', 'frag_06_c00001', 'frag_13_c00001']",60587.20454138383,50587.20454138383
482,"['frag_01_c00001', 'frag_06_c00001', 'frag_13_c00001']",60587.20454138383,50587.20454138383
483,"['frag_01_c00001', 'frag_06_c00001', 'frag_13_c00001']",60587.20454138383,50587.20454138383
484,"['frag_01_c00001', 'frag_06_c00001', 'frag_13_c00001']",60587.20454138384,50587.20454138383
485,"['frag_01_c00001', 'frag_06_c00001', 'frag_13_c00001']",60587.20454138384,50587.20454138384
486,"['frag_01_c00001', 'frag_06_c00001', 'frag_13_c00001']",60587.20454138384,50587.20454138384
487,"['frag_01_c00001', 'frag_06_c00001', 'frag_13_c00001']",60587.20454138384,50587.20454138384
488,"['frag_03_c00001', 'frag_05_c00001', 'frag_07_c00001']",50983.63563830521,50587.20454138384
489,"['frag_03_c00001', 'frag_05_c00001', 'frag_07_c00001']",50983.63563830521,50983.63563830521
490,"['frag_03_c00001', 'frag_05_c00001', 'frag_07_c00001']",50983.63563830521,50983.63563830521
491,"['frag_03_c00001', 'frag_05_c00001', 'frag_07_c00001']",50983.63563830521,50983.63563830521
492,"['frag_03_c00001', 'frag_05_c00001', 'frag_07_c00001']",50983.63563830521,50983.63563830521
493,"['frag_03_c00001', 'frag_05_c00001', 'frag_07_c00001']",50983.63563830521,50983.63563830521
494,"['frag_03_c00001', 'frag_05_c00001', 'frag_07_c00001']",50983.63563830521,50983.63563830521
495,"['frag_03_c00001', 'frag_05_c00001', 'frag_07_c00001']",50983.63563830521,50983.63563830521
496,"['frag_01_c00001', 'frag_02_c00001', 'frag_03_c00001', 'frag_07_c00001']",51414.76517631526,50983.63563830521
497,"['frag_01_c00001', 'frag_02_c00001', 'frag_03_c00001', 'frag_07_c00001']",51414.76517631526,51414.76517631526
498,"['frag_01_c00001', 'frag_02_c00001', 'frag_03_c00001', 'frag_07_c00001']",51414.765176315275,51414.76517631526
499,"['frag_01_c00001', 'frag_02_c00001', 'frag_03_c00001', 'frag_07_c00001']",51414.765176315275,51414.765176315275
500,"['frag_01_c00001', 'frag_02_c00001', 'frag_03_c00001', 'frag_07_c00001']",51414.765176315275,51414.765176315275
501,"['frag_01_c00001', 'frag_02_c00001', 'frag_03_c00001', 'frag_07_c00001']",51414.765176315275,51414.765176315275
502,"['frag_01_c00001', 'frag_02_c00001', 'frag_03_c00001', 'frag_07_c00001']",51414.765176315275,51414.765176315275
503,"['frag_01_c00001', 'frag_02_c00001', 'frag_03_c00001', 'frag_07_c00001']",51414.765176315275,51414.765176315275
504,"['frag_01_c00001', 'frag_02_c00001', 'frag_03_c00001', 'frag_07_c00001']",51414.765176315275,51414.765176315275
505,"['frag_01_c00001', 'frag_02_c00001', 'frag_03_c00001', 'frag_07_c00001']",51414.765176315275,51414.765176315275
506,"['frag_01_c00001', 'frag_02_c00001', 'frag_03_c00001', 'frag_07_c00001']",51414.765176315275,51414.765176315275
507,"['frag_01_c00001', 'frag_02_c00001', 'frag_03_c00001', 'frag_07_c00001']",51414.765176315275,51414.765176315275
508,"['frag_01_c00001', 'frag_02_c00001', 'frag_03_c00001', 'frag_07_c00001']",51414.765176315275,51414.765176315275
509,"['frag_01_c00001', 'frag_02_c00001', 'frag_03_c00001', 'frag_07_c00001']",51414.765176315275,51414.765176315275
510,"['frag_01_c00001', 'frag_02_c00001', 'frag_03_c00001', 'frag_07_c00001']",51414.765176315275,51414.765176315275
511,"['frag_01_c00001', 'frag_02_c00001', 'frag_03_c00001', 'frag_07_c00001']",51414.765176315275,51414.765176315275
512,"['frag_01_c00001', 'frag_08_c00001', 'frag_09_c00001']",51518.84374612381,51414.765176315275
513,"['frag_01_c00001', 'frag_08_c00001', 'frag_09_c00001']",51518.84374612381,51518.84374612381
514,"['frag_01_c00001', 'frag_08_c00001', 'frag_09_c00001']",51518.84374612381,51518.84374612381
515,"['frag_01_c00001', 'frag_08_c00001', 'frag_09_c00001']",51518.84374612381,51518.84374612381
516,"['frag_01_c00001', 'frag_08_c00001', 'frag_09_c00001']",51518.84374612381,51518.84374612381
517,"['frag_01_c00001', 'frag_08_c00001', 'frag_09_c00001']",51518.84374612381,51518.84374612381
518,"['frag_01_c00001', 'frag_08_c00001', 'frag_09_c00001']",51518.84374612381,51518.84374612381
519,"['frag_01_c00001', 'frag_08_c00001', 'frag_09_c00001']",51518.84374612381,51518.84374612381
520,"['frag_01_c00001', 'frag_09_c00001', 'frag_09_c00001']",51689.61731160312,51518.84374612381
521,"['frag_01_c00001', 'frag_09_c00001', 'frag_09_c00001']",51689.61731160312,51689.61731160312
522,"['frag_02_c00001', 'frag_05_c00001', 'frag_08_c00001']",52090.694053185194,51689.61731160312
523,"['frag_02_c00001', 'frag_05_c00001', 'frag_08_c00001']",52090.694053185194,52090.694053185194
524,"['frag_02_c00001', 'frag_05_c00001', 'frag_08_c00001']",52090.694053185194,52090.694053185194
525,"['frag_02_c00001', 'frag_05_c00001', 'frag_08_c00001']",52090.694053185194,52090.694053185194
526,"['frag_02_c00001', 'frag_05_c00001', 'frag_08_c00001']",52090.694053185194,52090.694053185194
527,"['frag_02_c00001', 'frag_05_c00001', 'frag_08_c00001']",52090.694053185194,52090.694053185194
528,"['frag_02_c00001', 'frag_05_c00001', 'frag_08_c00001']",52090.694053185194,52090.694053185194
529,"['frag_02_c00001', 'frag_05_c00001', 'frag_08_c00001']",52090.694053185194,52090.694053185194
530,"['frag_02_c00001', 'frag_07_c00001', 'frag_09_c00001']",62117.17646517544,52090.694053185194
531,"['frag_02_c00001', 'frag_07_c00001', 'frag_09_c00001']",62117.17646517544,52117.17646517544
532,"['frag_02_c00001', 'frag_07_c00001', 'frag_09_c00001']",62117.17646517544,52117.17646517544
533,"['frag_02_c00001', 'frag_07_c00001', 'frag_09_c00001']",62117.17646517544,52117.17646517544
534,"['frag_02_c00001', 'frag_07_c00001', 'frag_09_c00001']",62117.17646517544,52117.17646517544
535,"['frag_02_c00001', 'frag_07_c00001', 'frag_09_c00001']",62117.17646517544,52117.17646517544
536,"['frag_02_c00001', 'frag_07_c00001', 'frag_09_c00001']",62117.17646517544,52117.17646517544
537,"['frag_02_c00001', 'frag_07_c00001', 'frag_09_c00001']",62117.17646517544,52117.17646517544
538,"['frag_03_c00001', 'frag_04_c00001', 'frag_14_c00001']",62132.829628646265,52117.17646517544
539,"['frag_03_c00001', 'frag_04_c00001', 'frag_14_c00001']",62132.829628646265,52132.829628646265
540,"['frag_03_c00001', 'frag_04_c00001', 'frag_14_c00001']",62132.829628646265,52132.829628646265
541,"['frag_03_c00001', 'frag_04_c00001', 'frag_14_c00001']",62132.829628646265,52132.829628646265
542,"['frag_03_c00001', 'frag_04_c00001', 'frag_14_c00001']",62132.829628646265,52132.829628646265
543,"['frag_03_c00001', 'frag_04_c00001', 'frag_14_c00001']",62132.829628646265,52132.829628646265
544,"['frag_03_c00001', 'frag_04_c00001', 'frag_14_c00001']",62132.82962864628,52132.829628646265
545,"['frag_03_c00001', 'frag_04_c00001', 'frag_14_c00001']",62132.82962864628,52132.82962864628
546,"['frag_12_c00001', 'frag_13_c00001']",72183.20221881452,52132.82962864628
547,"['frag_12_c00001', 'frag_13_c00001']",72183.20221881452,52183.20221881453
548,"['frag_12_c00001', 'frag_13_c00001']",72183.20221881452,52183.20221881453
549,"['frag_12_c00001', 'frag_13_c00001']",72183.20221881452,52183.20221881453
550,"['frag_11_c00001', 'frag_13_c00001']",72194.72293500681,52183.20221881453
551,"['frag_11_c00001', 'frag_13_c00001']",72194.72293500681,52194.7229350068
552,"['frag_11_c00001', 'frag_13_c00001']",72194.72293500681,52194.7229350068
553,"['frag_11_c00001', 'frag_13_c00001']",72194.72293500681,52194.7229350068
554,"['frag_01_c00001', 'frag_02_c00001', 'frag_02_c00001', 'frag_08_c00001']",52211.77304421785,52194.7229350068
555,"['frag_01_c00001', 'frag_02_c00001', 'frag_02_c00001', 'frag_08_c00001']",52211.77304421785,52211.77304421785
556,"['frag_01_c00001', 'frag_02_c00001', 'frag_02_c00001', 'frag_08_c00001']",52211.77304421785,52211.77304421785
557,"['frag_01_c00001', 'frag_02_c00001', 'frag_02_c00001', 'frag_08_c00001']",52211.77304421785,52211.77304421785
558,"['frag_03_c00001', 'frag_06_c00001', 'frag_08_c00001']",52320.51103252959,52211.77304421785
559,"['frag_03_c00001', 'frag_06_c00001', 'frag_08_c00001']",52320.51103252959,52320.51103252959
560,"['frag_03_c00001', 'frag_06_c00001', 'frag_08_c00001']",52320.511032529605,52320.51103252959
561,"['frag_03_c00001', 'frag_06_c00001', 'frag_08_c00001']",52320.511032529605,52320.511032529605
562,"['frag_03_c00001', 'frag_06_c00001', 'frag_08_c00001']",52320.511032529605,52320.511032529605
563,"['frag_03_c00001', 'frag_06_c00001', 'frag_08_c00001']",52320.511032529605,52320.511032529605
564,"['frag_03_c00001', 'frag_06_c00001', 'frag_08_c00001']",52320.511032529605,52320.511032529605
565,"['frag_03_c00001', 'frag_06_c00001', 'frag_08_c00001']",52320.511032529605,52320.511032529605
566,"['frag_01_c00001', 'frag_09_c00001', 'frag_10_c00001']",52369.99864975118,52320.511032529605
567,"['frag_01_c00001', 'frag_09_c00001', 'frag_10_c00001']",52369.99864975118,52369.99864975118
568,"['frag_01_c00001', 'frag_09_c00001', 'frag_10_c00001']",52369.99864975118,52369.99864975118
569,"['frag_01_c00001', 'frag_09_c00001', 'frag_10_c00001']",52369.99864975118,52369.99864975118
570,"['frag_01_c00001', 'frag_09_c00001', 'frag_10_c00001']",52369.99864975119,52369.99864975118
571,"['frag_01_c00001', 'frag_09_c00001', 'frag_10_c00001']",52369.99864975119,52369.99864975119
572,"['frag_01_c00001', 'frag_09_c00001', 'frag_10_c00001']",52369.99864975119,52369.99864975119
573,"['frag_01_c00001', 'frag_09_c00001', 'frag_10_c00001']",52369.99864975119,52369.99864975119
574,"['frag_03_c00001', 'frag_03_c00001', 'frag_15_c00001']",72577.69965137457,52369.99864975119
575,"['frag_03_c00001', 'frag_03_c00001', 'frag_15_c00001']",72577.69965137457,52577.699651374576
576,"['frag_04_c00001', 'frag_06_c00001', 'frag_07_c00001']",52606.67810634782,52577.699651374576
577,"['frag_04_c00001', 'frag_06_c00001', 'frag_07_c00001']",52606.67810634782,52606.67810634782
578,"['frag_04_c00001', 'frag_06_c00001', 'frag_07_c00001']",52606.678106347834,52606.67810634782
579,"['frag_04_c00001', 'frag_06_c00001', 'frag_07_c00001']",52606.678106347834,52606.678106347834
580,"['frag_04_c00001', 'frag_06_c00001', 'frag_07_c00001']",52606.678106347834,52606.678106347834
581,"['frag_04_c00001', 'frag_06_c00001', 'frag_07_c00001']",52606.678106347834,52606.678106347834
582,"['frag_04_c00001', 'frag_06_c00001', 'frag_07_c00001']",52606.678106347834,52606.678106347834
583,"['frag_04_c00001', 'frag_06_c00001', 'frag_07_c00001']",52606.678106347834,52606.678106347834
584,"['frag_01_c00001', 'frag_02_c00001', 'frag_02_c00001', 'frag_09_c00001']",52776.607243260245,52606.678106347834
585,"['frag_01_c00001', 'frag_02_c00001', 'frag_02_c00001', 'frag_09_c00001']",52776.607243260245,52776.607243260245
586,"['frag_01_c00001', 'frag_02_c00001', 'frag_02_c00001', 'frag_09_c00001']",52776.60724326026,52776.607243260245
587,"['frag_01_c00001', 'frag_02_c00001', 'frag_02_c00001', 'frag_09_c00001']",52776.60724326026,52776.60724326026
588,"['frag_03_c00001', 'frag_06_c00001', 'frag_09_c00001']",52819.97111342579,52776.60724326026
589,"['frag_03_c00001', 'frag_06_c00001', 'frag_09_c00001']",52819.97111342579,52819.97111342579
590,"['frag_03_c00001', 'frag_06_c00001', 'frag_09_c00001']",52819.97111342579,52819.97111342579
591,"['frag_03_c00001', 'frag_06_c00001', 'frag_09_c00001']",52819.97111342579,52819.97111342579
592,"['frag_03_c00001', 'frag_06_c00001', 'frag_09_c00001']",52819.97111342579,52819.97111342579
593,"['frag_03_c00001', 'frag_06_c00001', 'frag_09_c00001']",52819.97111342579,52819.97111342579
594,"['frag_03_c00001', 'frag_06_c00001', 'frag_09_c00001']",52819.97111342579,52819.97111342579
595,"['frag_03_c00001', 'frag_06_c00001', 'frag_09_c00001']",52819.97111342579,52819.97111342579
596,"['frag_01_c00001', 'frag_05_c00001', 'frag_13_c00001']",63162.57699832615,52819.97111342579
597,"['frag_01_c00001', 'frag_05_c00001', 'frag_13_c00001']",63162.57699832615,53162.57699832615
598,"['frag_01_c00001', 'frag_05_c00001', 'frag_13_c00001']",63162.57699832615,53162.57699832615
599,"['frag_01_c00001', 'frag_05_c00001', 'frag_13_c00001']",63162.57699832615,53162.57699832615
600,"['frag_01_c00001', 'frag_05_c00001', 'frag_13_c00001']",63162.57699832615,53162.57699832615
601,"['frag_01_c00001', 'frag_05_c00001', 'frag_13_c00001']",63162.57699832615,53162.57699832615
602,"['frag_01_c00001', 'frag_05_c00001', 'frag_13_c00001']",63162.57699832615,53162.57699832615
603,"['frag_01_c00001', 'frag_05_c00001', 'frag_13_c00001']",63162.57699832615,53162.57699832615
604,"['frag_01_c00001', 'frag_02_c00001', 'frag_02_c00001', 'frag_10_c00001']",53323.75205529715,53162.57699832615
605,"['frag_01_c00001', 'frag_02_c00001', 'frag_02_c00001', 'frag_10_c00001']",53323.75205529715,53323.75205529715
606,"['frag_01_c00001', 'frag_02_c00001', 'frag_02_c00001', 'frag_10_c00001']",53323.75205529715,53323.75205529715
607,"['frag_01_c00001', 'frag_02_c00001', 'frag_02_c00001', 'frag_10_c00001']",53323.75205529715,53323.75205529715
608,"['frag_01_c00001', 'frag_05_c00001', 'frag_11_c00001']",53420.991525394515,53323.75205529715
609,"['frag_01_c00001', 'frag_05_c00001', 'frag_11_c00001']",53420.991525394515,53420.991525394515
610,"['frag_01_c00001', 'frag_05_c00001', 'frag_11_c00001']",53420.991525394515,53420.991525394515
611,"['frag_01_c00001', 'frag_05_c00001', 'frag_11_c00001']",53420.991525394515,53420.991525394515
612,"['frag_01_c00001', 'frag_05_c00001', 'frag_11_c00001']",53420.99152539453,53420.991525394515
613,"['frag_01_c00001', 'frag_05_c00001', 'frag_11_c00001']",53420.99152539453,53420.99152539453
614,"['frag_01_c00001', 'frag_05_c00001', 'frag_11_c00001']",53420.99152539453,53420.99152539453
615,"['frag_01_c00001', 'frag_05_c00001', 'frag_11_c00001']",53420.99152539453,53420.99152539453
616,"['frag_02_c00001', 'frag_04_c00001', 'frag_15_c00001']",73485.70807364755,53420.99152539453
617,"['frag_02_c00001', 'frag_04_c00001', 'frag_15_c00001']",73485.70807364755,53485.70807364754
618,"['frag_02_c00001', 'frag_04_c00001', 'frag_15_c00001']",73485.70807364755,53485.70807364754
619,"['frag_02_c00001', 'frag_04_c00001', 'frag_15_c00001']",73485.70807364755,53485.708073647555
620,"['frag_02_c00001', 'frag_04_c00001', 'frag_15_c00001']",73485.70807364755,53485.708073647555
621,"['frag_02_c00001', 'frag_04_c00001', 'frag_15_c00001']",73485.70807364755,53485.708073647555
622,"['frag_02_c00001', 'frag_04_c00001', 'frag_15_c00001']",73485.70807364755,53485.708073647555
623,"['frag_02_c00001', 'frag_04_c00001', 'frag_15_c00001']",73485.70807364755,53485.708073647555
624,"['frag_03_c00001', 'frag_07_c00001', 'frag_07_c00001']",63557.20598895336,53485.708073647555
625,"['frag_03_c00001', 'frag_07_c00001', 'frag_07_c00001']",63557.20598895336,53557.20598895336
626,"['frag_03_c00001', 'frag_03_c00001', 'frag_16_c00001']",73817.96513987903,53557.20598895336
627,"['frag_03_c00001', 'frag_03_c00001', 'frag_16_c00001']",73817.96513987903,53817.96513987904
628,"['frag_01_c00001', 'frag_05_c00001', 'frag_12_c00001']",54044.90681477346,53817.96513987904
629,"['frag_01_c00001', 'frag_05_c00001', 'frag_12_c00001']",54044.90681477346,54044.90681477346
630,"['frag_01_c00001', 'frag_05_c00001', 'frag_12_c00001']",54044.90681477346,54044.90681477346
631,"['frag_01_c00001', 'frag_05_c00001', 'frag_12_c00001']",54044.90681477346,54044.90681477346
632,"['frag_01_c00001', 'frag_05_c00001', 'frag_12_c00001']",54044.90681477346,54044.90681477346
633,"['frag_01_c00001', 'frag_05_c00001', 'frag_12_c00001']",54044.90681477346,54044.90681477346
634,"['frag_01_c00001', 'frag_05_c00001', 'frag_12_c00001']",54044.90681477346,54044.90681477346
635,"['frag_01_c00001', 'frag_05_c00001', 'frag_12_c00001']",54044.90681477346,54044.90681477346
636,"['frag_04_c00001', 'frag_04_c00001', 'frag_13_c00001']",64094.07485732558,54044.90681477346
637,"['frag_04_c00001', 'frag_04_c00001', 'frag_13_c00001']",64094.07485732558,54094.07485732558
638,"['frag_02_c00001', 'frag_05_c00001', 'frag_10_c00001']",54155.62478414679,54094.07485732558
639,"['frag_02_c00001', 'frag_05_c00001', 'frag_10_c00001']",54155.62478414679,54155.62478414679
640,"['frag_02_c00001', 'frag_05_c00001', 'frag_10_c00001']",54155.62478414679,54155.62478414679
641,"['frag_02_c00001', 'frag_05_c00001', 'frag_10_c00001']",54155.62478414679,54155.62478414679
642,"['frag_02_c00001', 'frag_05_c00001', 'frag_10_c00001']",54155.62478414679,54155.62478414679
643,"['frag_02_c00001', 'frag_05_c00001', 'frag_10_c00001']",54155.62478414679,54155.62478414679
644,"['frag_02_c00001', 'frag_05_c00001', 'frag_10_c00001']",54155.62478414679,54155.62478414679
645,"['frag_02_c00001', 'frag_05_c00001', 'frag_10_c00001']",54155.62478414679,54155.62478414679
646,"['frag_04_c00001', 'frag_04_c00001', 'frag_12_c00001']",54279.632312953174,54155.62478414679
647,"['frag_04_c00001', 'frag_04_c00001', 'frag_12_c00001']",54279.632312953174,54279.632312953174
648,"['frag_04_c00001', 'frag_04_c00001', 'frag_11_c00001']",54327.65743211292,54279.632312953174
649,"['frag_04_c00001', 'frag_04_c00001', 'frag_11_c00001']",54327.65743211292,54327.65743211292
650,"['frag_11_c00001', 'frag_12_c00001']",64394.679140438115,54327.65743211292
651,"['frag_11_c00001', 'frag_12_c00001']",64394.679140438115,54394.679140438115
652,"['frag_11_c00001', 'frag_12_c00001']",64394.679140438115,54394.679140438115
653,"['frag_11_c00001', 'frag_12_c00001']",64394.679140438115,54394.679140438115
654,"['frag_01_c00001', 'frag_08_c00001', 'frag_08_c00001']",54492.63882599437,54394.679140438115
655,"['frag_01_c00001', 'frag_08_c00001', 'frag_08_c00001']",54492.63882599437,54492.63882599437
656,"['frag_03_c00001', 'frag_06_c00001', 'frag_10_c00001']",54605.186856237684,54492.63882599437
657,"['frag_03_c00001', 'frag_06_c00001', 'frag_10_c00001']",54605.186856237684,54605.186856237684
658,"['frag_03_c00001', 'frag_06_c00001', 'frag_10_c00001']",54605.186856237684,54605.186856237684
659,"['frag_03_c00001', 'frag_06_c00001', 'frag_10_c00001']",54605.186856237684,54605.186856237684
660,"['frag_03_c00001', 'frag_06_c00001', 'frag_10_c00001']",54605.186856237684,54605.186856237684
661,"['frag_03_c00001', 'frag_06_c00001', 'frag_10_c00001']",54605.186856237684,54605.186856237684
662,"['frag_03_c00001', 'frag_06_c00001', 'frag_10_c00001']",54605.186856237684,54605.186856237684
663,"['frag_03_c00001', 'frag_06_c00001', 'frag_10_c00001']",54605.186856237684,54605.186856237684
664,"['frag_02_c00001', 'frag_07_c00001', 'frag_08_c00001']",64697.631781482305,54605.186856237684
665,"['frag_02_c00001', 'frag_07_c00001', 'frag_08_c00001']",64697.631781482305,54697.631781482305
666,"['frag_02_c00001', 'frag_07_c00001', 'frag_08_c00001']",64697.631781482305,54697.631781482305
667,"['frag_02_c00001', 'frag_07_c00001', 'frag_08_c00001']",64697.631781482305,54697.631781482305
668,"['frag_02_c00001', 'frag_07_c00001', 'frag_08_c00001']",64697.63178148232,54697.631781482305
669,"['frag_02_c00001', 'frag_07_c00001', 'frag_08_c00001']",64697.63178148232,54697.63178148232
670,"['frag_02_c00001', 'frag_07_c00001', 'frag_08_c00001']",64697.63178148232,54697.63178148232
671,"['frag_02_c00001', 'frag_07_c00001', 'frag_08_c00001']",64697.63178148232,54697.63178148232
672,"['frag_02_c00001', 'frag_04_c00001', 'frag_16_c00001']",74725.79388013281,54697.63178148232
673,"['frag_02_c00001', 'frag_04_c00001', 'frag_16_c00001']",74725.79388013281,54725.79388013282
674,"['frag_02_c00001', 'frag_04_c00001', 'frag_16_c00001']",74725.79388013281,54725.79388013282
675,"['frag_02_c00001', 'frag_04_c00001', 'frag_16_c00001']",74725.79388013281,54725.79388013282
676,"['frag_02_c00001', 'frag_04_c00001', 'frag_16_c00001']",74725.79388013281,54725.79388013282
677,"['frag_02_c00001', 'frag_04_c00001', 'frag_16_c00001']",74725.79388013281,54725.79388013282
678,"['frag_02_c00001', 'frag_04_c00001', 'frag_16_c00001']",74725.79388013281,54725.79388013282
679,"['frag_02_c00001', 'frag_04_c00001', 'frag_16_c00001']",74725.79388013281,54725.79388013282
680,"['frag_01_c00001', 'frag_08_c00001', 'frag_10_c00001']",54763.77459188311,54725.79388013282
681,"['frag_01_c00001', 'frag_08_c00001', 'frag_10_c00001']",54763.77459188311,54763.77459188311
682,"['frag_01_c00001', 'frag_08_c00001', 'frag_10_c00001']",54763.77459188311,54763.77459188311
683,"['frag_01_c00001', 'frag_08_c00001', 'frag_10_c00001']",54763.77459188311,54763.77459188311
684,"['frag_01_c00001', 'frag_08_c00001', 'frag_10_c00001']",54763.77459188311,54763.77459188311
685,"['frag_01_c00001', 'frag_08_c00001', 'frag_10_c00001']",54763.77459188311,54763.77459188311
686,"['frag_01_c00001', 'frag_08_c00001', 'frag_10_c00001']",54763.77459188313,54763.77459188311
687,"['frag_01_c00001', 'frag_08_c00001', 'frag_10_c00001']",54763.77459188313,54763.77459188313
688,"['frag_01_c00001', 'frag_06_c00001', 'frag_14_c00001']",64860.68562010278,54763.77459188313
689,"['frag_01_c00001', 'frag_06_c00001', 'frag_14_c00001']",64860.68562010278,54860.68562010278
690,"['frag_01_c00001', 'frag_06_c00001', 'frag_14_c00001']",64860.68562010278,54860.68562010278
691,"['frag_01_c00001', 'frag_06_c00001', 'frag_14_c00001']",64860.68562010278,54860.68562010278
692,"['frag_01_c00001', 'frag_06_c00001', 'frag_14_c00001']",64860.68562010278,54860.68562010278
693,"['frag_01_c00001', 'frag_06_c00001', 'frag_14_c00001']",64860.68562010278,54860.68562010278
694,"['frag_01_c00001', 'frag_06_c00001', 'frag_14_c00001']",64860.68562010278,54860.68562010278
695,"['frag_01_c00001', 'frag_06_c00001', 'frag_14_c00001']",64860.68562010278,54860.68562010278
696,"['frag_11_c00001', 'frag_11_c00001']",64902.39805472915,54860.68562010278
697,"['frag_12_c00001', 'frag_12_c00001']",65024.442309158905,54902.39805472915
698,"['frag_03_c00001', 'frag_05_c00001', 'frag_09_c00001']",55175.71678099066,55024.442309158905
699,"['frag_03_c00001', 'frag_05_c00001', 'frag_09_c00001']",55175.71678099066,55175.71678099066
700,"['frag_03_c00001', 'frag_05_c00001', 'frag_09_c00001']",55175.71678099066,55175.71678099066
701,"['frag_03_c00001', 'frag_05_c00001', 'frag_09_c00001']",55175.71678099066,55175.71678099066
702,"['frag_03_c00001', 'frag_05_c00001', 'frag_09_c00001']",55175.71678099066,55175.71678099066
703,"['frag_03_c00001', 'frag_05_c00001', 'frag_09_c00001']",55175.71678099066,55175.71678099066
704,"['frag_03_c00001', 'frag_05_c00001', 'frag_09_c00001']",55175.71678099066,55175.71678099066
705,"['frag_03_c00001', 'frag_05_c00001', 'frag_09_c00001']",55175.71678099066,55175.71678099066
706,"['frag_02_c00001', 'frag_07_c00001', 'frag_10_c00001']",65474.83506718762,55175.71678099066
707,"['frag_02_c00001', 'frag_07_c00001', 'frag_10_c00001']",65474.83506718762,55474.83506718762
708,"['frag_02_c00001', 'frag_07_c00001', 'frag_10_c00001']",65474.83506718763,55474.83506718762
709,"['frag_02_c00001', 'frag_07_c00001', 'frag_10_c00001']",65474.83506718763,55474.83506718763
710,"['frag_02_c00001', 'frag_07_c00001', 'frag_10_c00001']",65474.83506718763,55474.83506718763
711,"['frag_02_c00001', 'frag_07_c00001', 'frag_10_c00001']",65474.83506718763,55474.83506718763
712,"['frag_02_c00001', 'frag_07_c00001', 'frag_10_c00001']",65474.83506718763,55474.83506718763
713,"['frag_02_c00001', 'frag_07_c00001', 'frag_10_c00001']",65474.83506718763,55474.83506718763
714,"['frag_01_c00001', 'frag_10_c00001', 'frag_10_c00001']",55742.860437092466,55474.83506718763
715,"['frag_01_c00001', 'frag_10_c00001', 'frag_10_c00001']",55742.860437092466,55742.860437092466
716,"['frag_03_c00001', 'frag_07_c00001', 'frag_09_c00001']",66015.54535458959,55742.860437092466
717,"['frag_03_c00001', 'frag_07_c00001', 'frag_09_c00001']",66015.54535458959,56015.54535458958
718,"['frag_03_c00001', 'frag_07_c00001', 'frag_09_c00001']",66015.54535458959,56015.54535458958
719,"['frag_03_c00001', 'frag_07_c00001', 'frag_09_c00001']",66015.54535458959,56015.54535458958
720,"['frag_03_c00001', 'frag_07_c00001', 'frag_09_c00001']",66015.54535458959,56015.54535458958
721,"['frag_03_c00001', 'frag_07_c00001', 'frag_09_c00001']",66015.54535458959,56015.54535458958
722,"['frag_03_c00001', 'frag_07_c00001', 'frag_09_c00001']",66015.54535458959,56015.54535458958
723,"['frag_03_c00001', 'frag_07_c00001', 'frag_09_c00001']",66015.54535458959,56015.54535458958
724,"['frag_04_c00001', 'frag_05_c00001', 'frag_07_c00001']",56376.324576615334,56015.54535458958
725,"['frag_04_c00001', 'frag_05_c00001', 'frag_07_c00001']",56376.324576615334,56376.324576615334
726,"['frag_04_c00001', 'frag_05_c00001', 'frag_07_c00001']",56376.324576615334,56376.324576615334
727,"['frag_04_c00001', 'frag_05_c00001', 'frag_07_c00001']",56376.324576615334,56376.324576615334
728,"['frag_04_c00001', 'frag_05_c00001', 'frag_07_c00001']",56376.324576615334,56376.324576615334
729,"['frag_04_c00001', 'frag_05_c00001', 'frag_07_c00001']",56376.324576615334,56376.324576615334
730,"['frag_04_c00001', 'frag_05_c00001', 'frag_07_c00001']",56376.324576615334,56376.324576615334
731,"['frag_04_c00001', 'frag_05_c00001', 'frag_07_c00001']",56376.324576615334,56376.324576615334
732,"['frag_01_c00001', 'frag_07_c00001', 'frag_13_c00001']",76436.39157214906,56376.324576615334
733,"['frag_01_c00001', 'frag_07_c00001', 'frag_13_c00001']",76436.39157214906,56436.391572149056
734,"['frag_01_c00001', 'frag_07_c00001', 'frag_13_c00001']",76436.39157214906,56436.391572149056
735,"['frag_01_c00001', 'frag_07_c00001', 'frag_13_c00001']",76436.39157214906,56436.39157214907
736,"['frag_01_c00001', 'frag_07_c00001', 'frag_13_c00001']",76436.39157214906,56436.39157214907
737,"['frag_01_c00001', 'frag_07_c00001', 'frag_13_c00001']",76436.39157214906,56436.39157214907
738,"['frag_01_c00001', 'frag_07_c00001', 'frag_13_c00001']",76436.39157214906,56436.39157214907
739,"['frag_01_c00001', 'frag_07_c00001', 'frag_13_c00001']",76436.39157214906,56436.39157214907
740,"['frag_03_c00001', 'frag_05_c00001', 'frag_08_c00001']",56519.89948635427,56436.39157214907
741,"['frag_03_c00001', 'frag_05_c00001', 'frag_08_c00001']",56519.89948635427,56519.89948635427
742,"['frag_03_c00001', 'frag_05_c00001', 'frag_08_c00001']",56519.89948635427,56519.89948635427
743,"['frag_03_c00001', 'frag_05_c00001', 'frag_08_c00001']",56519.89948635427,56519.89948635427
744,"['frag_03_c00001', 'frag_05_c00001', 'frag_08_c00001']",56519.89948635427,56519.89948635427
745,"['frag_03_c00001', 'frag_05_c00001', 'frag_08_c00001']",56519.89948635427,56519.89948635427
746,"['frag_03_c00001', 'frag_05_c00001', 'frag_08_c00001']",56519.89948635428,56519.89948635427
747,"['frag_03_c00001', 'frag_05_c00001', 'frag_08_c00001']",56519.89948635428,56519.89948635428
748,"['frag_01_c00001', 'frag_07_c00001', 'frag_11_c00001']",66616.31644040826,56519.89948635428
749,"['frag_01_c00001', 'frag_07_c00001', 'frag_11_c00001']",66616.31644040826,56616.31644040827
750,"['frag_01_c00001', 'frag_07_c00001', 'frag_11_c00001']",66616.31644040826,56616.31644040827
751,"['frag_01_c00001', 'frag_07_c00001', 'frag_11_c00001']",66616.31644040826,56616.31644040827
752,"['frag_01_c00001', 'frag_07_c00001', 'frag_11_c00001']",66616.31644040829,56616.31644040827
753,"['frag_01_c00001', 'frag_07_c00001', 'frag_11_c00001']",66616.31644040829,56616.316440408285
754,"['frag_01_c00001', 'frag_07_c00001', 'frag_11_c00001']",66616.31644040829,56616.316440408285
755,"['frag_01_c00001', 'frag_07_c00001', 'frag_11_c00001']",66616.31644040829,56616.316440408285
756,"['frag_01_c00001', 'frag_07_c00001', 'frag_12_c00001']",66819.47302352861,56616.316440408285
757,"['frag_01_c00001', 'frag_07_c00001', 'frag_12_c00001']",66819.47302352861,56819.47302352862
758,"['frag_01_c00001', 'frag_07_c00001', 'frag_12_c00001']",66819.47302352861,56819.47302352862
759,"['frag_01_c00001', 'frag_07_c00001', 'frag_12_c00001']",66819.47302352861,56819.47302352862
760,"['frag_01_c00001', 'frag_07_c00001', 'frag_12_c00001']",66819.47302352861,56819.47302352862
761,"['frag_01_c00001', 'frag_07_c00001', 'frag_12_c00001']",66819.47302352861,56819.47302352862
762,"['frag_01_c00001', 'frag_07_c00001', 'frag_12_c00001']",66819.47302352861,56819.47302352862
763,"['frag_01_c00001', 'frag_07_c00001', 'frag_12_c00001']",66819.47302352861,56819.47302352862
764,"['frag_02_c00001', 'frag_08_c00001', 'frag_09_c00001']",66821.76876490997,56819.47302352862
765,"['frag_02_c00001', 'frag_08_c00001', 'frag_09_c00001']",66821.76876490997,56821.768764909975
766,"['frag_02_c00001', 'frag_08_c00001', 'frag_09_c00001']",66821.76876490997,56821.768764909975
767,"['frag_02_c00001', 'frag_08_c00001', 'frag_09_c00001']",66821.76876490997,56821.768764909975
768,"['frag_02_c00001', 'frag_08_c00001', 'frag_09_c00001']",66821.76876490997,56821.768764909975
769,"['frag_02_c00001', 'frag_08_c00001', 'frag_09_c00001']",66821.76876490997,56821.768764909975
770,"['frag_02_c00001', 'frag_08_c00001', 'frag_09_c00001']",66821.76876490997,56821.768764909975
771,"['frag_02_c00001', 'frag_08_c00001', 'frag_09_c00001']",66821.76876490997,56821.768764909975
772,"['frag_01_c00001', 'frag_01_c00001', 'frag_02_c00001', 'frag_12_c00001']",56996.362855953186,56821.768764909975
773,"['frag_01_c00001', 'frag_01_c00001', 'frag_02_c00001', 'frag_12_c00001']",56996.362855953186,56996.362855953186
774,"['frag_01_c00001', 'frag_01_c00001', 'frag_02_c00001', 'frag_12_c00001']",56996.3628559532,56996.362855953186
775,"['frag_01_c00001', 'frag_01_c00001', 'frag_02_c00001', 'frag_12_c00001']",56996.3628559532,56996.3628559532
776,"['frag_01_c00001', 'frag_03_c00001', 'frag_03_c00001', 'frag_07_c00001']",56999.13670101415,56996.3628559532
777,"['frag_01_c00001', 'frag_03_c00001', 'frag_03_c00001', 'frag_07_c00001']",56999.13670101415,56999.13670101415
778,"['frag_01_c00001', 'frag_03_c00001', 'frag_03_c00001', 'frag_07_c00001']",56999.13670101416,56999.13670101415
779,"['frag_01_c00001', 'frag_03_c00001', 'frag_03_c00001', 'frag_07_c00001']",56999.13670101416,56999.13670101416
780,"['frag_02_c00001', 'frag_09_c00001', 'frag_09_c00001']",67028.99912051862,56999.13670101416
781,"['frag_02_c00001', 'frag_09_c00001', 'frag_09_c00001']",67028.99912051862,57028.99912051863
782,"['frag_01_c00001', 'frag_01_c00001', 'frag_02_c00001', 'frag_11_c00001']",57035.22314796998,57028.99912051863
783,"['frag_01_c00001', 'frag_01_c00001', 'frag_02_c00001', 'frag_11_c00001']",57035.22314796999,57035.22314796998
784,"['frag_01_c00001', 'frag_01_c00001', 'frag_02_c00001', 'frag_11_c00001']",57035.22314796999,57035.22314796999
785,"['frag_01_c00001', 'frag_01_c00001', 'frag_02_c00001', 'frag_11_c00001']",57035.22314796999,57035.22314796999
786,"['frag_02_c00001', 'frag_06_c00001', 'frag_13_c00001']",77149.46834079243,57035.22314796999
787,"['frag_02_c00001', 'frag_06_c00001', 'frag_13_c00001']",77149.46834079243,57149.46834079244
788,"['frag_02_c00001', 'frag_06_c00001', 'frag_13_c00001']",77149.46834079243,57149.46834079244
789,"['frag_02_c00001', 'frag_06_c00001', 'frag_13_c00001']",77149.46834079243,57149.46834079244
790,"['frag_02_c00001', 'frag_06_c00001', 'frag_13_c00001']",77149.46834079246,57149.46834079244
791,"['frag_02_c00001', 'frag_06_c00001', 'frag_13_c00001']",77149.46834079246,57149.46834079245
792,"['frag_02_c00001', 'frag_06_c00001', 'frag_13_c00001']",77149.46834079246,57149.46834079245
793,"['frag_02_c00001', 'frag_06_c00001', 'frag_13_c00001']",77149.46834079246,57149.46834079245
794,"['frag_12_c00001', 'frag_14_c00001']",77330.02661573063,57149.46834079245
795,"['frag_12_c00001', 'frag_14_c00001']",77330.02661573063,57330.026615730625
796,"['frag_12_c00001', 'frag_14_c00001']",77330.02661573063,57330.026615730625
797,"['frag_12_c00001', 'frag_14_c00001']",77330.02661573063,57330.026615730625
798,"['frag_01_c00001', 'frag_02_c00001', 'frag_03_c00001', 'frag_08_c00001']",57842.83367194214,57330.026615730625
799,"['frag_01_c00001', 'frag_02_c00001', 'frag_03_c00001', 'frag_08_c00001']",57842.83367194214,57842.83367194214
800,"['frag_01_c00001', 'frag_02_c00001', 'frag_03_c00001', 'frag_08_c00001']",57842.83367194216,57842.83367194214
801,"['frag_01_c00001', 'frag_02_c00001', 'frag_03_c00001', 'frag_08_c00001']",57842.83367194216,57842.83367194216
802,"['frag_01_c00001', 'frag_02_c00001', 'frag_03_c00001', 'frag_08_c00001']",57842.83367194216,57842.83367194216
803,"['frag_01_c00001', 'frag_02_c00001', 'frag_03_c00001', 'frag_08_c00001']",57842.83367194216,57842.83367194216
804,"['frag_01_c00001', 'frag_02_c00001', 'frag_03_c00001', 'frag_08_c00001']",57842.83367194216,57842.83367194216
805,"['frag_01_c00001', 'frag_02_c00001', 'frag_03_c00001', 'frag_08_c00001']",57842.83367194216,57842.83367194216
806,"['frag_01_c00001', 'frag_02_c00001', 'frag_03_c00001', 'frag_08_c00001']",57842.83367194216,57842.83367194216
807,"['frag_01_c00001', 'frag_02_c00001', 'frag_03_c00001', 'frag_08_c00001']",57842.83367194216,57842.83367194216
808,"['frag_01_c00001', 'frag_02_c00001', 'frag_03_c00001', 'frag_08_c00001']",57842.83367194216,57842.83367194216
809,"['frag_01_c00001', 'frag_02_c00001', 'frag_03_c00001', 'frag_08_c00001']",57842.83367194216,57842.83367194216
810,"['frag_01_c00001', 'frag_02_c00001', 'frag_03_c00001', 'frag_08_c00001']",57842.83367194216,57842.83367194216
811,"['frag_01_c00001', 'frag_02_c00001', 'frag_03_c00001', 'frag_08_c00001']",57842.83367194216,57842.83367194216
812,"['frag_01_c00001', 'frag_02_c00001', 'frag_03_c00001', 'frag_08_c00001']",57842.83367194216,57842.83367194216
813,"['frag_01_c00001', 'frag_02_c00001', 'frag_03_c00001', 'frag_08_c00001']",57842.83367194216,57842.83367194216
814,"['frag_04_c00001', 'frag_07_c00001', 'frag_07_c00001']",67987.22694296442,57842.83367194216
815,"['frag_04_c00001', 'frag_07_c00001', 'frag_07_c00001']",67987.22694296442,57987.226942964415
816,"['frag_02_c00001', 'frag_09_c00001', 'frag_10_c00001']",68128.63057742245,57987.22694296443
817,"['frag_02_c00001', 'frag_09_c00001', 'frag_10_c00001']",68128.63057742245,58128.63057742245
818,"['frag_02_c00001', 'frag_09_c00001', 'frag_10_c00001']",68128.63057742245,58128.63057742245
819,"['frag_02_c00001', 'frag_09_c00001', 'frag_10_c00001']",68128.63057742245,58128.63057742245
820,"['frag_02_c00001', 'frag_09_c00001', 'frag_10_c00001']",68128.63057742245,58128.63057742245
821,"['frag_02_c00001', 'frag_09_c00001', 'frag_10_c00001']",68128.63057742245,58128.63057742245
822,"['frag_02_c00001', 'frag_09_c00001', 'frag_10_c00001']",68128.63057742245,58128.63057742245
823,"['frag_02_c00001', 'frag_09_c00001', 'frag_10_c00001']",68128.63057742245,58128.63057742245
824,"['frag_03_c00001', 'frag_04_c00001', 'frag_15_c00001']",78185.01776171091,58128.63057742245
825,"['frag_03_c00001', 'frag_04_c00001', 'frag_15_c00001']",78185.01776171091,58185.01776171091
826,"['frag_03_c00001', 'frag_04_c00001', 'frag_15_c00001']",78185.01776171091,58185.01776171091
827,"['frag_03_c00001', 'frag_04_c00001', 'frag_15_c00001']",78185.01776171091,58185.01776171091
828,"['frag_03_c00001', 'frag_04_c00001', 'frag_15_c00001']",78185.01776171091,58185.01776171091
829,"['frag_03_c00001', 'frag_04_c00001', 'frag_15_c00001']",78185.01776171091,58185.01776171091
830,"['frag_03_c00001', 'frag_04_c00001', 'frag_15_c00001']",78185.01776171091,58185.01776171091
831,"['frag_03_c00001', 'frag_04_c00001', 'frag_15_c00001']",78185.01776171091,58185.01776171092
832,"['frag_11_c00001', 'frag_14_c00001']",78196.77240929913,58185.01776171092
833,"['frag_11_c00001', 'frag_14_c00001']",78196.77240929913,58196.772409299134
834,"['frag_11_c00001', 'frag_14_c00001']",78196.77240929913,58196.772409299134
835,"['frag_11_c00001', 'frag_14_c00001']",78196.77240929913,58196.772409299134
836,"['frag_01_c00001', 'frag_02_c00001', 'frag_04_c00001', 'frag_07_c00001']",58276.70430792486,58196.772409299134
837,"['frag_01_c00001', 'frag_02_c00001', 'frag_04_c00001', 'frag_07_c00001']",58276.70430792486,58276.70430792486
838,"['frag_01_c00001', 'frag_02_c00001', 'frag_04_c00001', 'frag_07_c00001']",58276.70430792486,58276.70430792486
839,"['frag_01_c00001', 'frag_02_c00001', 'frag_04_c00001', 'frag_07_c00001']",58276.70430792486,58276.70430792486
840,"['frag_01_c00001', 'frag_02_c00001', 'frag_04_c00001', 'frag_07_c00001']",58276.70430792486,58276.70430792486
841,"['frag_01_c00001', 'frag_02_c00001', 'frag_04_c00001', 'frag_07_c00001']",58276.70430792486,58276.70430792486
842,"['frag_01_c00001', 'frag_02_c00001', 'frag_04_c00001', 'frag_07_c00001']",58276.70430792486,58276.70430792486
843,"['frag_01_c00001', 'frag_02_c00001', 'frag_04_c00001', 'frag_07_c00001']",58276.70430792486,58276.70430792486
844,"['frag_01_c00001', 'frag_02_c00001', 'frag_04_c00001', 'frag_07_c00001']",58276.70430792486,58276.70430792486
845,"['frag_01_c00001', 'frag_02_c00001', 'frag_04_c00001', 'frag_07_c00001']",58276.70430792486,58276.70430792486
846,"['frag_01_c00001', 'frag_02_c00001', 'frag_04_c00001', 'frag_07_c00001']",58276.70430792486,58276.70430792486
847,"['frag_01_c00001', 'frag_02_c00001', 'frag_04_c00001', 'frag_07_c00001']",58276.70430792486,58276.70430792486
848,"['frag_01_c00001', 'frag_02_c00001', 'frag_04_c00001', 'frag_07_c00001']",58276.70430792486,58276.70430792486
849,"['frag_01_c00001', 'frag_02_c00001', 'frag_04_c00001', 'frag_07_c00001']",58276.70430792486,58276.70430792486
850,"['frag_01_c00001', 'frag_02_c00001', 'frag_04_c00001', 'frag_07_c00001']",58276.704307924876,58276.70430792486
851,"['frag_01_c00001', 'frag_02_c00001', 'frag_04_c00001', 'frag_07_c00001']",58276.704307924876,58276.704307924876
852,"['frag_03_c00001', 'frag_07_c00001', 'frag_08_c00001']",68331.47582250298,58276.704307924876
853,"['frag_03_c00001', 'frag_07_c00001', 'frag_08_c00001']",68331.47582250298,58331.47582250299
854,"['frag_03_c00001', 'frag_07_c00001', 'frag_08_c00001']",68331.47582250298,58331.47582250299
855,"['frag_03_c00001', 'frag_07_c00001', 'frag_08_c00001']",68331.47582250298,58331.47582250299
856,"['frag_03_c00001', 'frag_07_c00001', 'frag_08_c00001']",68331.47582250298,58331.47582250299
857,"['frag_03_c00001', 'frag_07_c00001', 'frag_08_c00001']",68331.47582250298,58331.47582250299
858,"['frag_03_c00001', 'frag_07_c00001', 'frag_08_c00001']",68331.47582250298,58331.47582250299
859,"['frag_03_c00001', 'frag_07_c00001', 'frag_08_c00001']",68331.47582250298,58331.47582250299
860,"['frag_04_c00001', 'frag_04_c00001', 'frag_14_c00001']",68407.51786400078,58331.47582250299
861,"['frag_04_c00001', 'frag_04_c00001', 'frag_14_c00001']",68407.51786400078,58407.51786400079
862,"['frag_02_c00001', 'frag_06_c00001', 'frag_11_c00001']",68648.54826832176,58407.51786400079
863,"['frag_02_c00001', 'frag_06_c00001', 'frag_11_c00001']",68648.54826832176,58648.54826832176
864,"['frag_02_c00001', 'frag_06_c00001', 'frag_11_c00001']",68648.54826832176,58648.54826832176
865,"['frag_02_c00001', 'frag_06_c00001', 'frag_11_c00001']",68648.54826832176,58648.54826832176
866,"['frag_02_c00001', 'frag_06_c00001', 'frag_11_c00001']",68648.54826832176,58648.54826832176
867,"['frag_02_c00001', 'frag_06_c00001', 'frag_11_c00001']",68648.54826832176,58648.54826832176
868,"['frag_02_c00001', 'frag_06_c00001', 'frag_11_c00001']",68648.54826832176,58648.54826832176
869,"['frag_02_c00001', 'frag_06_c00001', 'frag_11_c00001']",68648.54826832176,58648.54826832176
870,"['frag_04_c00001', 'frag_06_c00001', 'frag_08_c00001']",58669.94406341202,58648.54826832176
871,"['frag_04_c00001', 'frag_06_c00001', 'frag_08_c00001']",58669.94406341202,58669.94406341202
872,"['frag_04_c00001', 'frag_06_c00001', 'frag_08_c00001']",58669.94406341202,58669.94406341202
873,"['frag_04_c00001', 'frag_06_c00001', 'frag_08_c00001']",58669.94406341202,58669.94406341202
874,"['frag_04_c00001', 'frag_06_c00001', 'frag_08_c00001']",58669.94406341203,58669.94406341202
875,"['frag_04_c00001', 'frag_06_c00001', 'frag_08_c00001']",58669.94406341203,58669.94406341203
876,"['frag_04_c00001', 'frag_06_c00001', 'frag_08_c00001']",58669.94406341203,58669.94406341203
877,"['frag_04_c00001', 'frag_06_c00001', 'frag_08_c00001']",58669.94406341203,58669.94406341203
878,"['frag_01_c00001', 'frag_02_c00001', 'frag_03_c00001', 'frag_09_c00001']",58672.19271937799,58669.94406341203
879,"['frag_01_c00001', 'frag_02_c00001', 'frag_03_c00001', 'frag_09_c00001']",58672.19271937799,58672.19271937799
880,"['frag_01_c00001', 'frag_02_c00001', 'frag_03_c00001', 'frag_09_c00001']",58672.19271937799,58672.19271937799
881,"['frag_01_c00001', 'frag_02_c00001', 'frag_03_c00001', 'frag_09_c00001']",58672.19271937799,58672.19271937799
882,"['frag_01_c00001', 'frag_02_c00001', 'frag_03_c00001', 'frag_09_c00001']",58672.19271937799,58672.19271937799
883,"['frag_01_c00001', 'frag_02_c00001', 'frag_03_c00001', 'frag_09_c00001']",58672.19271937799,58672.19271937799
884,"['frag_01_c00001', 'frag_02_c00001', 'frag_03_c00001', 'frag_09_c00001']",58672.19271937799,58672.19271937799
885,"['frag_01_c00001', 'frag_02_c00001', 'frag_03_c00001', 'frag_09_c00001']",58672.19271937799,58672.19271937799
886,"['frag_01_c00001', 'frag_02_c00001', 'frag_03_c00001', 'frag_09_c00001']",58672.19271937801,58672.19271937799
887,"['frag_01_c00001', 'frag_02_c00001', 'frag_03_c00001', 'frag_09_c00001']",58672.19271937801,58672.19271937801
888,"['frag_01_c00001', 'frag_02_c00001', 'frag_03_c00001', 'frag_09_c00001']",58672.19271937801,58672.19271937801
889,"['frag_01_c00001', 'frag_02_c00001', 'frag_03_c00001', 'frag_09_c00001']",58672.19271937801,58672.19271937801
890,"['frag_01_c00001', 'frag_02_c00001', 'frag_03_c00001', 'frag_09_c00001']",58672.19271937801,58672.19271937801
891,"['frag_01_c00001', 'frag_02_c00001', 'frag_03_c00001', 'frag_09_c00001']",58672.19271937801,58672.19271937801
892,"['frag_01_c00001', 'frag_02_c00001', 'frag_03_c00001', 'frag_09_c00001']",58672.19271937801,58672.19271937801
893,"['frag_01_c00001', 'frag_02_c00001', 'frag_03_c00001', 'frag_09_c00001']",58672.19271937801,58672.19271937801
894,"['frag_03_c00001', 'frag_05_c00001', 'frag_10_c00001']",58681.04989015859,58672.19271937801
895,"['frag_03_c00001', 'frag_05_c00001', 'frag_10_c00001']",58681.04989015859,58681.04989015859
896,"['frag_03_c00001', 'frag_05_c00001', 'frag_10_c00001']",58681.04989015859,58681.04989015859
897,"['frag_03_c00001', 'frag_05_c00001', 'frag_10_c00001']",58681.04989015859,58681.04989015859
898,"['frag_03_c00001', 'frag_05_c00001', 'frag_10_c00001']",58681.04989015859,58681.04989015859
899,"['frag_03_c00001', 'frag_05_c00001', 'frag_10_c00001']",58681.04989015859,58681.04989015859
900,"['frag_03_c00001', 'frag_05_c00001', 'frag_10_c00001']",58681.04989015859,58681.04989015859
901,"['frag_03_c00001', 'frag_05_c00001', 'frag_10_c00001']",58681.04989015859,58681.04989015859
902,"['frag_01_c00001', 'frag_05_c00001', 'frag_14_c00001']",68740.25518209598,58681.04989015859
903,"['frag_01_c00001', 'frag_05_c00001', 'frag_14_c00001']",68740.25518209598,58740.25518209597
904,"['frag_01_c00001', 'frag_05_c00001', 'frag_14_c00001']",68740.25518209598,58740.25518209597
905,"['frag_01_c00001', 'frag_05_c00001', 'frag_14_c00001']",68740.25518209598,58740.255182095985
906,"['frag_01_c00001', 'frag_05_c00001', 'frag_14_c00001']",68740.25518209598,58740.255182095985
907,"['frag_01_c00001', 'frag_05_c00001', 'frag_14_c00001']",68740.25518209598,58740.255182095985
908,"['frag_01_c00001', 'frag_05_c00001', 'frag_14_c00001']",68740.25518209598,58740.255182095985
909,"['frag_01_c00001', 'frag_05_c00001', 'frag_14_c00001']",68740.25518209598,58740.255182095985
910,"['frag_02_c00001', 'frag_06_c00001', 'frag_12_c00001']",68777.12173401946,58740.255182095985
911,"['frag_02_c00001', 'frag_06_c00001', 'frag_12_c00001']",68777.12173401946,58777.12173401946
912,"['frag_02_c00001', 'frag_06_c00001', 'frag_12_c00001']",68777.12173401946,58777.12173401946
913,"['frag_02_c00001', 'frag_06_c00001', 'frag_12_c00001']",68777.12173401946,58777.12173401946
914,"['frag_02_c00001', 'frag_06_c00001', 'frag_12_c00001']",68777.12173401946,58777.12173401946
915,"['frag_02_c00001', 'frag_06_c00001', 'frag_12_c00001']",68777.12173401946,58777.12173401946
916,"['frag_02_c00001', 'frag_06_c00001', 'frag_12_c00001']",68777.12173401946,58777.12173401946
917,"['frag_02_c00001', 'frag_06_c00001', 'frag_12_c00001']",68777.12173401946,58777.12173401946
918,"['frag_01_c00001', 'frag_02_c00001', 'frag_03_c00001', 'frag_10_c00001']",59051.03235586416,58777.12173401946
919,"['frag_01_c00001', 'frag_02_c00001', 'frag_03_c00001', 'frag_10_c00001']",59051.03235586416,59051.03235586416
920,"['frag_01_c00001', 'frag_02_c00001', 'frag_03_c00001', 'frag_10_c00001']",59051.03235586416,59051.03235586416
921,"['frag_01_c00001', 'frag_02_c00001', 'frag_03_c00001', 'frag_10_c00001']",59051.03235586416,59051.03235586416
922,"['frag_01_c00001', 'frag_02_c00001', 'frag_03_c00001', 'frag_10_c00001']",59051.03235586416,59051.03235586416
923,"['frag_01_c00001', 'frag_02_c00001', 'frag_03_c00001', 'frag_10_c00001']",59051.03235586416,59051.03235586416
924,"['frag_01_c00001', 'frag_02_c00001', 'frag_03_c00001', 'frag_10_c00001']",59051.03235586416,59051.03235586416
925,"['frag_01_c00001', 'frag_02_c00001', 'frag_03_c00001', 'frag_10_c00001']",59051.03235586416,59051.03235586416
926,"['frag_01_c00001', 'frag_02_c00001', 'frag_03_c00001', 'frag_10_c00001']",59051.032355864176,59051.03235586416
927,"['frag_01_c00001', 'frag_02_c00001', 'frag_03_c00001', 'frag_10_c00001']",59051.032355864176,59051.032355864176
928,"['frag_01_c00001', 'frag_02_c00001', 'frag_03_c00001', 'frag_10_c00001']",59051.032355864176,59051.032355864176
929,"['frag_01_c00001', 'frag_02_c00001', 'frag_03_c00001', 'frag_10_c00001']",59051.032355864176,59051.032355864176
930,"['frag_01_c00001', 'frag_02_c00001', 'frag_03_c00001', 'frag_10_c00001']",59051.032355864176,59051.032355864176
931,"['frag_01_c00001', 'frag_02_c00001', 'frag_03_c00001', 'frag_10_c00001']",59051.032355864176,59051.032355864176
932,"['frag_01_c00001', 'frag_02_c00001', 'frag_03_c00001', 'frag_10_c00001']",59051.03235586419,59051.032355864176
933,"['frag_01_c00001', 'frag_02_c00001', 'frag_03_c00001', 'frag_10_c00001']",59051.03235586419,59051.03235586419
934,"['frag_03_c00001', 'frag_07_c00001', 'frag_10_c00001']",69204.89878105102,59051.03235586419
935,"['frag_03_c00001', 'frag_07_c00001', 'frag_10_c00001']",69204.89878105102,59204.89878105102
936,"['frag_03_c00001', 'frag_07_c00001', 'frag_10_c00001']",69204.89878105102,59204.89878105102
937,"['frag_03_c00001', 'frag_07_c00001', 'frag_10_c00001']",69204.89878105102,59204.89878105102
938,"['frag_03_c00001', 'frag_07_c00001', 'frag_10_c00001']",69204.89878105104,59204.89878105102
939,"['frag_03_c00001', 'frag_07_c00001', 'frag_10_c00001']",69204.89878105104,59204.89878105104
940,"['frag_03_c00001', 'frag_07_c00001', 'frag_10_c00001']",69204.89878105104,59204.89878105104
941,"['frag_03_c00001', 'frag_07_c00001', 'frag_10_c00001']",69204.89878105104,59204.89878105104
942,"['frag_03_c00001', 'frag_04_c00001', 'frag_16_c00001']",79423.92602019385,59204.89878105104
943,"['frag_03_c00001', 'frag_04_c00001', 'frag_16_c00001']",79423.92602019385,59423.92602019384
944,"['frag_03_c00001', 'frag_04_c00001', 'frag_16_c00001']",79423.92602019385,59423.92602019384
945,"['frag_03_c00001', 'frag_04_c00001', 'frag_16_c00001']",79423.92602019385,59423.92602019384
946,"['frag_03_c00001', 'frag_04_c00001', 'frag_16_c00001']",79423.92602019385,59423.92602019384
947,"['frag_03_c00001', 'frag_04_c00001', 'frag_16_c00001']",79423.92602019385,59423.92602019384
948,"['frag_03_c00001', 'frag_04_c00001', 'frag_16_c00001']",79423.92602019385,59423.92602019384
949,"['frag_03_c00001', 'frag_04_c00001', 'frag_16_c00001']",79423.92602019385,59423.92602019385
950,"['frag_04_c00001', 'frag_06_c00001', 'frag_09_c00001']",59474.29283246426,59423.92602019385
951,"['frag_04_c00001', 'frag_06_c00001', 'frag_09_c00001']",59474.29283246426,59474.29283246426
952,"['frag_04_c00001', 'frag_06_c00001', 'frag_09_c00001']",59474.29283246426,59474.29283246426
953,"['frag_04_c00001', 'frag_06_c00001', 'frag_09_c00001']",59474.29283246426,59474.29283246426
954,"['frag_04_c00001', 'frag_06_c00001', 'frag_09_c00001']",59474.29283246426,59474.29283246426
955,"['frag_04_c00001', 'frag_06_c00001', 'frag_09_c00001']",59474.29283246426,59474.29283246426
956,"['frag_04_c00001', 'frag_06_c00001', 'frag_09_c00001']",59474.29283246428,59474.29283246426
957,"['frag_04_c00001', 'frag_06_c00001', 'frag_09_c00001']",59474.29283246428,59474.29283246428
958,"['frag_01_c00001', 'frag_01_c00001', 'frag_02_c00001', 'frag_13_c00001']",69600.81986957713,59474.29283246428
959,"['frag_01_c00001', 'frag_01_c00001', 'frag_02_c00001', 'frag_13_c00001']",69600.81986957713,59600.819869577135
960,"['frag_01_c00001', 'frag_01_c00001', 'frag_02_c00001', 'frag_13_c00001']",69600.81986957713,59600.819869577135
961,"['frag_01_c00001', 'frag_01_c00001', 'frag_02_c00001', 'frag_13_c00001']",69600.81986957713,59600.819869577135
962,"['frag_02_c00001', 'frag_08_c00001', 'frag_08_c00001']",69759.10705465116,59600.819869577135
963,"['frag_02_c00001', 'frag_08_c00001', 'frag_08_c00001']",69759.10705465116,59759.10705465117
964,"['frag_01_c00001', 'frag_09_c00001', 'frag_12_c00001']",70059.08561919068,59759.10705465117
965,"['frag_01_c00001', 'frag_09_c00001', 'frag_12_c00001']",70059.08561919068,60059.085619190686
966,"['frag_01_c00001', 'frag_09_c00001', 'frag_12_c00001']",70059.08561919068,60059.085619190686
967,"['frag_01_c00001', 'frag_09_c00001', 'frag_12_c00001']",70059.08561919068,60059.085619190686
968,"['frag_01_c00001', 'frag_09_c00001', 'frag_12_c00001']",70059.08561919068,60059.085619190686
969,"['frag_01_c00001', 'frag_09_c00001', 'frag_12_c00001']",70059.08561919068,60059.085619190686
970,"['frag_01_c00001', 'frag_09_c00001', 'frag_12_c00001']",70059.08561919068,60059.085619190686
971,"['frag_01_c00001', 'frag_09_c00001', 'frag_12_c00001']",70059.08561919068,60059.085619190686
972,"['frag_02_c00001', 'frag_08_c00001', 'frag_10_c00001']",70485.94972942505,60059.085619190686
973,"['frag_02_c00001', 'frag_08_c00001', 'frag_10_c00001']",70485.94972942505,60485.94972942504
974,"['frag_02_c00001', 'frag_08_c00001', 'frag_10_c00001']",70485.94972942505,60485.94972942504
975,"['frag_02_c00001', 'frag_08_c00001', 'frag_10_c00001']",70485.94972942505,60485.949729425054
976,"['frag_02_c00001', 'frag_08_c00001', 'frag_10_c00001']",70485.94972942505,60485.949729425054
977,"['frag_02_c00001', 'frag_08_c00001', 'frag_10_c00001']",70485.94972942505,60485.949729425054
978,"['frag_02_c00001', 'frag_08_c00001', 'frag_10_c00001']",70485.94972942505,60485.949729425054
979,"['frag_02_c00001', 'frag_08_c00001', 'frag_10_c00001']",70485.94972942505,60485.949729425054
980,"['frag_01_c00001', 'frag_06_c00001', 'frag_15_c00001']",80504.96538176743,60485.949729425054
981,"['frag_01_c00001', 'frag_06_c00001', 'frag_15_c00001']",80504.96538176743,60504.96538176743
982,"['frag_01_c00001', 'frag_06_c00001', 'frag_15_c00001']",80504.96538176743,60504.96538176743
983,"['frag_01_c00001', 'frag_06_c00001', 'frag_15_c00001']",80504.96538176743,60504.96538176743
984,"['frag_01_c00001', 'frag_06_c00001', 'frag_15_c00001']",80504.96538176743,60504.96538176743
985,"['frag_01_c00001', 'frag_06_c00001', 'frag_15_c00001']",80504.96538176743,60504.96538176743
986,"['frag_01_c00001', 'frag_06_c00001', 'frag_15_c00001']",80504.96538176743,60504.96538176743
987,"['frag_01_c00001', 'frag_06_c00001', 'frag_15_c00001']",80504.96538176743,60504.96538176743
988,"['frag_01_c00001', 'frag_09_c00001', 'frag_11_c00001']",70540.88722153127,60504.96538176743
989,"['frag_01_c00001', 'frag_09_c00001', 'frag_11_c00001']",70540.88722153127,60540.887221531266
990,"['frag_01_c00001', 'frag_09_c00001', 'frag_11_c00001']",70540.88722153127,60540.887221531266
991,"['frag_01_c00001', 'frag_09_c00001', 'frag_11_c00001']",70540.88722153127,60540.887221531266
992,"['frag_01_c00001', 'frag_09_c00001', 'frag_11_c00001']",70540.88722153127,60540.887221531266
993,"['frag_01_c00001', 'frag_09_c00001', 'frag_11_c00001']",70540.88722153127,60540.887221531266
994,"['frag_01_c00001', 'frag_09_c00001', 'frag_11_c00001']",70540.88722153127,60540.887221531266
995,"['frag_01_c00001', 'frag_09_c00001', 'frag_11_c00001']",70540.88722153127,60540.88722153128
996,"['frag_02_c00001', 'frag_05_c00001', 'frag_13_c00001']",80575.03342058507,60540.88722153128
997,"['frag_02_c00001', 'frag_05_c00001', 'frag_13_c00001']",80575.03342058507,60575.033420585074
998,"['frag_02_c00001', 'frag_05_c00001', 'frag_13_c00001']",80575.03342058507,60575.033420585074
999,"['frag_02_c00001', 'frag_05_c00001', 'frag_13_c00001']",80575.03342058507,60575.033420585074
